-- phpMyAdmin SQL Dump
-- version 4.8.0
-- https://www.phpmyadmin.net/
--
-- Host: 127.0.0.1
-- Generation Time: Jul 08, 2018 at 01:56 PM
-- Server version: 10.1.31-MariaDB
-- PHP Version: 7.2.4

SET SQL_MODE = "NO_AUTO_VALUE_ON_ZERO";
SET AUTOCOMMIT = 0;
START TRANSACTION;
SET time_zone = "+00:00";


/*!40101 SET @OLD_CHARACTER_SET_CLIENT=@@CHARACTER_SET_CLIENT */;
/*!40101 SET @OLD_CHARACTER_SET_RESULTS=@@CHARACTER_SET_RESULTS */;
/*!40101 SET @OLD_COLLATION_CONNECTION=@@COLLATION_CONNECTION */;
/*!40101 SET NAMES utf8mb4 */;

--
-- Database: `pluggedcafe`
--

-- --------------------------------------------------------

--
-- Table structure for table `customers`
--

CREATE TABLE `customers` (
  `id` int(11) NOT NULL,
  `name` varchar(100) DEFAULT NULL,
  `discount` decimal(10,2) DEFAULT NULL,
  `user_id` int(11) DEFAULT NULL,
  `created_at` datetime DEFAULT NULL,
  `updated_at` datetime DEFAULT NULL
) ENGINE=InnoDB DEFAULT CHARSET=utf8;

--
-- Dumping data for table `customers`
--

INSERT INTO `customers` (`id`, `name`, `discount`, `user_id`, `created_at`, `updated_at`) VALUES
(1, 'Owner', '100.00', 1, '2016-05-30 12:37:03', '2017-02-18 16:11:35'),
(2, 'PWD', '20.00', 1, '2018-07-03 04:56:35', '2018-07-03 04:56:35'),
(3, 'Senior', '20.00', 1, '2018-07-03 04:57:35', '2018-07-03 05:50:39');

-- --------------------------------------------------------

--
-- Table structure for table `items`
--

CREATE TABLE `items` (
  `id` int(11) NOT NULL,
  `name` varchar(255) DEFAULT NULL,
  `item_category_id` int(11) DEFAULT NULL,
  `unit` varchar(255) DEFAULT NULL,
  `quantity` float DEFAULT NULL,
  `user_id` int(11) DEFAULT NULL,
  `created_at` datetime DEFAULT NULL,
  `updated_at` datetime DEFAULT NULL
) ENGINE=InnoDB DEFAULT CHARSET=utf8;

-- --------------------------------------------------------

--
-- Table structure for table `item_categories`
--

CREATE TABLE `item_categories` (
  `id` int(11) NOT NULL,
  `name` varchar(255) DEFAULT NULL,
  `created_at` datetime DEFAULT NULL,
  `updated_at` datetime DEFAULT NULL
) ENGINE=InnoDB DEFAULT CHARSET=utf8;

-- --------------------------------------------------------

--
-- Table structure for table `orders`
--

CREATE TABLE `orders` (
  `id` bigint(20) NOT NULL,
  `table_id` int(11) DEFAULT NULL,
  `status` enum('Busy','Printed','Completed') DEFAULT 'Busy',
  `customer_id` int(11) DEFAULT NULL,
  `discount` int(11) DEFAULT '0',
  `usd` decimal(10,2) DEFAULT '0.00',
  `user_id` int(11) DEFAULT NULL,
  `created_at` datetime DEFAULT NULL,
  `updated_at` datetime DEFAULT NULL,
  `checked_in` datetime DEFAULT NULL,
  `checked_out` datetime DEFAULT NULL
) ENGINE=InnoDB DEFAULT CHARSET=utf8;

--
-- Dumping data for table `orders`
--

INSERT INTO `orders` (`id`, `table_id`, `status`, `customer_id`, `discount`, `usd`, `user_id`, `created_at`, `updated_at`, `checked_in`, `checked_out`) VALUES
(1, 62, 'Completed', NULL, 0, '500.00', 3, '2018-03-30 12:32:54', '2018-03-30 12:34:21', '2018-03-30 12:32:54', NULL),
(2, 63, 'Completed', NULL, 0, '300.00', 3, '2018-03-30 12:34:44', '2018-03-30 12:35:20', '2018-03-30 12:34:44', NULL),
(3, 71, 'Completed', NULL, 0, '200.00', 3, '2018-03-30 12:35:34', '2018-03-30 12:35:47', '2018-03-30 12:35:34', NULL),
(5, 66, 'Completed', NULL, 0, '1000.00', 3, '2018-03-30 12:42:39', '2018-03-30 12:42:50', '2018-03-30 12:42:39', NULL),
(6, 64, 'Completed', NULL, 0, '500.00', 3, '2018-03-30 12:43:00', '2018-03-30 13:03:00', '2018-03-30 12:43:00', '2018-03-30 13:02:02'),
(7, 64, 'Completed', NULL, 0, '200.00', 3, '2018-03-30 13:03:08', '2018-03-30 13:54:14', '2018-03-30 13:03:08', '2018-03-30 13:53:26'),
(8, 62, 'Completed', 0, 0, '500.00', 3, '2018-07-03 04:18:49', '2018-07-03 05:00:22', '2018-07-03 04:18:49', NULL),
(9, 70, 'Completed', NULL, 0, '1500.00', 3, '2018-07-03 05:00:46', '2018-07-03 05:01:10', '2018-07-03 05:00:46', NULL),
(10, 74, 'Completed', NULL, 0, '600.00', 3, '2018-07-03 05:01:35', '2018-07-03 05:01:44', '2018-07-03 05:01:35', NULL),
(11, 62, 'Completed', NULL, 0, '700.00', 3, '2018-07-03 05:07:18', '2018-07-03 05:07:24', '2018-07-03 05:07:18', NULL),
(12, 62, 'Completed', NULL, 0, '500.00', 3, '2018-07-03 05:08:20', '2018-07-03 05:08:25', '2018-07-03 05:08:20', NULL),
(13, 64, 'Completed', NULL, 0, '1500.00', 3, '2018-07-03 05:19:07', '2018-07-03 05:19:40', '2018-07-03 05:19:07', NULL),
(14, 64, 'Completed', NULL, 0, '500.00', 3, '2018-07-03 05:20:21', '2018-07-03 05:20:31', '2018-07-03 05:20:21', NULL),
(15, 66, 'Completed', 0, 0, '700.00', 3, '2018-07-03 05:38:02', '2018-07-03 06:00:47', '2018-07-03 05:38:02', '2018-07-03 06:00:39'),
(16, 66, 'Completed', 2, 20, '1500.00', 3, '2018-07-03 06:01:02', '2018-07-03 06:35:12', '2018-07-03 06:01:02', NULL),
(17, 66, 'Completed', NULL, 0, '1200.00', 3, '2018-07-03 06:35:20', '2018-07-03 06:35:47', '2018-07-03 06:35:20', NULL),
(18, 62, 'Completed', NULL, 0, '1000.00', 3, '2018-07-03 06:36:29', '2018-07-03 06:36:45', '2018-07-03 06:36:29', NULL),
(19, 62, 'Completed', NULL, 0, '940.00', 3, '2018-07-03 06:36:53', '2018-07-03 06:37:13', '2018-07-03 06:36:53', NULL),
(20, 71, 'Completed', NULL, 0, '1200.00', 3, '2018-07-03 07:33:19', '2018-07-03 07:33:45', '2018-07-03 07:33:19', NULL),
(21, 72, 'Completed', NULL, 0, '700.00', 3, '2018-07-03 07:33:57', '2018-07-03 07:34:15', '2018-07-03 07:33:57', NULL),
(22, 72, 'Completed', NULL, 0, '1100.00', 3, '2018-07-03 07:34:40', '2018-07-03 07:34:57', '2018-07-03 07:34:40', NULL),
(23, 73, 'Completed', NULL, 0, '600.00', 3, '2018-07-03 07:35:03', '2018-07-03 07:35:20', '2018-07-03 07:35:03', NULL),
(24, 77, 'Completed', NULL, 0, '1600.00', 3, '2018-07-03 07:35:27', '2018-07-03 07:35:47', '2018-07-03 07:35:27', NULL),
(25, 65, 'Completed', NULL, 0, '1100.00', 3, '2018-07-03 07:36:28', '2018-07-03 07:36:48', '2018-07-03 07:36:28', NULL),
(26, 76, 'Completed', NULL, 0, '600.00', 3, '2018-07-03 07:36:59', '2018-07-03 07:37:18', '2018-07-03 07:36:59', '2018-07-03 07:37:08'),
(27, 76, 'Completed', NULL, 0, '2000.00', 3, '2018-07-03 07:37:44', '2018-07-03 07:38:20', '2018-07-03 07:37:44', '2018-07-03 07:38:06'),
(28, 76, 'Completed', NULL, 0, '1000.00', 3, '2018-07-03 07:38:39', '2018-07-03 07:38:51', '2018-07-03 07:38:39', NULL),
(29, 74, 'Completed', NULL, 0, '400.00', 3, '2018-07-03 07:42:50', '2018-07-03 07:43:25', '2018-07-03 07:42:50', NULL),
(30, 74, 'Completed', NULL, 0, '710.00', 3, '2018-07-03 07:43:31', '2018-07-03 07:43:45', '2018-07-03 07:43:31', NULL),
(31, 74, 'Completed', NULL, 0, '800.00', 3, '2018-07-03 07:43:50', '2018-07-03 07:44:17', '2018-07-03 07:43:50', '2018-07-03 07:44:10'),
(32, 74, 'Completed', 3, 20, '700.00', 3, '2018-07-03 07:44:27', '2018-07-03 07:44:39', '2018-07-03 07:44:27', NULL),
(33, 74, 'Completed', 3, 20, '616.00', 3, '2018-07-03 07:44:46', '2018-07-03 07:45:00', '2018-07-03 07:44:46', NULL),
(34, 74, 'Completed', NULL, 0, '600.00', 3, '2018-07-03 07:45:07', '2018-07-03 07:45:17', '2018-07-03 07:45:07', NULL),
(35, 74, 'Completed', NULL, 0, '465.00', 3, '2018-07-03 07:46:38', '2018-07-03 07:46:51', '2018-07-03 07:46:38', NULL),
(36, 70, 'Completed', NULL, 0, '580.00', 3, '2018-07-03 07:48:21', '2018-07-03 07:48:36', '2018-07-03 07:48:21', '2018-07-03 07:48:31'),
(37, 65, 'Completed', NULL, 0, '900.00', 3, '2018-07-03 07:48:45', '2018-07-03 07:49:00', '2018-07-03 07:48:45', NULL),
(38, 75, 'Completed', NULL, 0, '330.00', 3, '2018-07-03 07:49:09', '2018-07-03 07:49:22', '2018-07-03 07:49:09', '2018-07-03 07:49:17'),
(39, 73, 'Completed', NULL, 0, '1200.00', 3, '2018-07-03 07:49:30', '2018-07-03 07:49:55', '2018-07-03 07:49:30', NULL),
(40, 65, 'Completed', NULL, 0, '1000.00', 3, '2018-07-03 07:54:01', '2018-07-03 14:34:56', '2018-07-03 07:54:01', NULL),
(41, 66, 'Completed', NULL, 0, '1000.00', 3, '2018-07-03 14:35:07', '2018-07-03 14:35:20', '2018-07-03 14:35:07', NULL),
(42, 77, 'Completed', NULL, 0, '600.00', 3, '2018-07-03 14:35:30', '2018-07-03 14:35:40', '2018-07-03 14:35:30', NULL),
(43, 74, 'Completed', NULL, 0, '600.00', 3, '2018-07-03 14:37:08', '2018-07-03 14:37:20', '2018-07-03 14:37:08', '2018-07-03 14:37:15'),
(44, 74, 'Completed', NULL, 0, '500.00', 3, '2018-07-03 14:37:25', '2018-07-03 14:37:44', '2018-07-03 14:37:25', '2018-07-03 14:37:39'),
(45, 74, 'Completed', NULL, 0, '800.00', 3, '2018-07-03 14:37:52', '2018-07-03 14:38:29', '2018-07-03 14:37:52', '2018-07-03 14:38:11'),
(46, 71, 'Completed', NULL, 0, '800.00', 3, '2018-07-03 14:39:30', '2018-07-03 14:39:43', '2018-07-03 14:39:30', '2018-07-03 14:39:37'),
(47, 73, 'Completed', NULL, 0, '1200.00', 3, '2018-07-03 14:39:49', '2018-07-03 14:40:05', '2018-07-03 14:39:49', '2018-07-03 14:40:00'),
(48, 65, 'Completed', NULL, 0, '400.00', 3, '2018-07-04 00:44:54', '2018-07-04 00:45:10', '2018-07-04 00:44:54', '2018-07-04 00:45:03'),
(49, 72, 'Completed', NULL, 0, '760.00', 3, '2018-07-04 00:45:21', '2018-07-04 00:45:51', '2018-07-04 00:45:21', '2018-07-04 00:45:44'),
(50, 72, 'Completed', NULL, 0, '1600.00', 3, '2018-07-04 00:45:57', '2018-07-04 00:54:52', '2018-07-04 00:45:57', '2018-07-04 00:54:45'),
(51, 75, 'Completed', NULL, 0, '940.00', 3, '2018-07-04 00:46:08', '2018-07-04 00:46:28', '2018-07-04 00:46:08', '2018-07-04 00:46:22'),
(52, 76, 'Completed', NULL, 0, '1240.00', 3, '2018-07-04 00:47:13', '2018-07-04 00:47:42', '2018-07-04 00:47:13', '2018-07-04 00:47:36'),
(53, 70, 'Completed', NULL, 0, '420.00', 3, '2018-07-04 00:49:57', '2018-07-04 00:50:13', '2018-07-04 00:49:57', '2018-07-04 00:50:07'),
(54, 62, 'Completed', NULL, 0, '690.00', 3, '2018-07-04 00:50:21', '2018-07-04 00:50:41', '2018-07-04 00:50:21', '2018-07-04 00:50:33'),
(55, 77, 'Completed', NULL, 0, '860.00', 3, '2018-07-04 00:50:55', '2018-07-04 00:51:14', '2018-07-04 00:50:55', '2018-07-04 00:51:08'),
(56, 74, 'Completed', NULL, 0, '1200.00', 3, '2018-07-04 00:51:22', '2018-07-04 00:51:45', '2018-07-04 00:51:22', '2018-07-04 00:51:38'),
(57, 66, 'Completed', NULL, 0, '1000.00', 3, '2018-07-04 00:51:54', '2018-07-04 00:52:07', '2018-07-04 00:51:54', '2018-07-04 00:52:01'),
(58, 64, 'Completed', 3, 20, '500.00', 3, '2018-07-04 00:53:17', '2018-07-04 00:53:47', '2018-07-04 00:53:17', '2018-07-04 00:53:30'),
(59, 65, 'Completed', NULL, 0, '1000.00', 3, '2018-07-04 00:53:57', '2018-07-04 00:54:15', '2018-07-04 00:53:57', '2018-07-04 00:54:09'),
(60, 62, 'Completed', 2, 20, '900.00', 3, '2018-07-04 00:55:09', '2018-07-04 00:55:36', '2018-07-04 00:55:09', '2018-07-04 00:55:30'),
(61, 77, 'Completed', NULL, 0, '1400.00', 3, '2018-07-04 01:03:03', '2018-07-04 01:03:23', '2018-07-04 01:03:03', '2018-07-04 01:03:17'),
(62, 73, 'Completed', NULL, 0, '1800.00', 3, '2018-07-04 01:07:37', '2018-07-04 01:08:04', '2018-07-04 01:07:37', '2018-07-04 01:07:56'),
(64, 71, 'Completed', NULL, 0, '835.00', 3, '2018-07-04 01:09:23', '2018-07-04 01:09:44', NULL, '2018-07-04 01:09:37'),
(65, 65, 'Completed', NULL, 0, '705.00', 3, '2018-07-04 01:09:54', '2018-07-04 01:10:33', '2018-07-04 01:09:54', '2018-07-04 01:10:24'),
(66, 75, 'Completed', NULL, 0, '1300.00', 3, '2018-07-04 01:10:44', '2018-07-04 01:11:07', '2018-07-04 01:10:44', '2018-07-04 01:11:00'),
(67, 63, 'Completed', NULL, 0, '835.00', 3, '2018-07-04 01:11:16', '2018-07-04 01:11:36', '2018-07-04 01:11:16', '2018-07-04 01:11:30'),
(69, 74, 'Completed', NULL, 0, '605.00', 3, '2018-07-04 01:13:10', '2018-07-04 01:13:32', NULL, '2018-07-04 01:13:26'),
(70, 76, 'Completed', NULL, 0, '1300.00', 3, '2018-07-04 01:13:46', '2018-07-04 01:14:13', '2018-07-04 01:13:46', '2018-07-04 01:14:06'),
(72, 63, 'Completed', NULL, 0, '1440.00', 3, '2018-07-04 01:14:53', '2018-07-04 01:15:02', NULL, '2018-07-04 01:14:55'),
(73, 62, 'Completed', NULL, 0, '350.00', 3, '2018-07-04 01:15:38', '2018-07-04 01:15:51', '2018-07-04 01:15:38', '2018-07-04 01:15:43'),
(74, 75, 'Completed', NULL, 0, '405.00', 3, '2018-07-04 01:15:58', '2018-07-04 01:16:16', '2018-07-04 01:15:58', '2018-07-04 01:16:07'),
(75, 64, 'Completed', NULL, 0, '540.00', 3, '2018-07-04 01:16:26', '2018-07-04 01:16:49', '2018-07-04 01:16:26', '2018-07-04 01:16:42'),
(77, 71, 'Completed', NULL, 0, '570.00', 3, '2018-07-04 01:17:28', '2018-07-04 01:17:49', NULL, '2018-07-04 01:17:43'),
(78, 65, 'Completed', 3, 20, '1500.00', 3, '2018-07-04 01:18:26', '2018-07-04 01:18:48', '2018-07-04 01:18:26', '2018-07-04 01:18:36'),
(79, 77, 'Completed', NULL, 0, '1500.00', 3, '2018-07-04 01:18:58', '2018-07-04 01:19:07', '2018-07-04 01:18:58', '2018-07-04 01:19:02'),
(80, 73, 'Completed', NULL, 0, '1500.00', 3, '2018-07-04 01:19:14', '2018-07-04 01:19:34', '2018-07-04 01:19:14', '2018-07-04 01:19:28'),
(81, 77, 'Completed', NULL, 0, '1500.00', 3, '2018-07-04 01:19:46', '2018-07-04 01:20:04', '2018-07-04 01:19:46', '2018-07-04 01:19:59'),
(82, 70, 'Completed', NULL, 0, '1500.00', 3, '2018-07-04 01:20:12', '2018-07-04 01:20:28', '2018-07-04 01:20:12', '2018-07-04 01:20:24'),
(83, 70, 'Completed', NULL, 0, '1500.00', 3, '2018-07-04 01:20:36', '2018-07-04 01:20:49', '2018-07-04 01:20:36', '2018-07-04 01:20:43'),
(84, 72, 'Completed', NULL, 0, '1500.00', 3, '2018-07-04 01:20:56', '2018-07-04 01:21:15', '2018-07-04 01:20:56', '2018-07-04 01:21:09'),
(85, 76, 'Completed', NULL, 0, '1500.00', 3, '2018-07-04 01:21:28', '2018-07-04 01:21:44', '2018-07-04 01:21:28', '2018-07-04 01:21:40'),
(86, 75, 'Completed', NULL, 0, '1500.00', 3, '2018-07-04 01:22:46', '2018-07-04 01:23:11', '2018-07-04 01:22:46', '2018-07-04 01:23:06'),
(87, 71, 'Completed', NULL, 0, '1900.00', 3, '2018-07-04 01:23:20', '2018-07-04 01:23:50', '2018-07-04 01:23:20', '2018-07-04 01:23:42'),
(88, 66, 'Completed', 2, 20, '1500.00', 3, '2018-07-04 01:24:10', '2018-07-04 01:24:40', '2018-07-04 01:24:10', '2018-07-04 01:24:25'),
(90, 77, 'Completed', NULL, 0, '1500.00', 3, '2018-07-04 01:24:49', '2018-07-04 01:25:07', NULL, '2018-07-04 01:25:03'),
(91, 63, 'Completed', NULL, 0, '1500.00', 3, '2018-07-04 01:25:14', '2018-07-04 01:25:31', '2018-07-04 01:25:14', '2018-07-04 01:25:27'),
(92, 65, 'Completed', NULL, 0, '1500.00', 3, '2018-07-04 01:26:26', '2018-07-04 01:26:39', '2018-07-04 01:26:26', '2018-07-04 01:26:33'),
(93, 75, 'Completed', NULL, 0, '1500.00', 3, '2018-07-04 01:26:47', '2018-07-04 01:26:57', '2018-07-04 01:26:47', '2018-07-04 01:26:53'),
(94, 65, 'Completed', NULL, 0, '1500.00', 3, '2018-07-04 01:27:01', '2018-07-04 01:27:07', '2018-07-04 01:27:01', '2018-07-04 01:27:02'),
(95, 77, 'Completed', NULL, 0, '1500.00', 3, '2018-07-04 01:27:20', '2018-07-04 01:27:26', '2018-07-04 01:27:20', '2018-07-04 01:27:22'),
(96, 62, 'Completed', NULL, 0, '1500.00', 3, '2018-07-04 01:27:31', '2018-07-04 01:27:44', '2018-07-04 01:27:31', '2018-07-04 01:27:39'),
(97, 73, 'Completed', NULL, 0, '1500.00', 3, '2018-07-04 01:28:20', '2018-07-04 01:28:35', '2018-07-04 01:28:20', '2018-07-04 01:28:30'),
(98, 64, 'Completed', NULL, 0, '1500.00', 3, '2018-07-04 01:28:41', '2018-07-04 01:28:52', '2018-07-04 01:28:41', '2018-07-04 01:28:48'),
(99, 75, 'Completed', 3, 20, '1500.00', 3, '2018-07-04 01:29:00', '2018-07-04 01:29:16', '2018-07-04 01:29:00', '2018-07-04 01:29:11'),
(100, 65, 'Completed', NULL, 0, '1500.00', 3, '2018-07-04 01:29:24', '2018-07-04 01:29:31', '2018-07-04 01:29:24', '2018-07-04 01:29:27'),
(101, 66, 'Completed', NULL, 0, '1500.00', 3, '2018-07-04 01:34:17', '2018-07-04 01:34:28', '2018-07-04 01:34:17', '2018-07-04 01:34:23'),
(103, 76, 'Completed', NULL, 0, '1500.00', 3, '2018-07-04 01:34:35', '2018-07-04 01:34:44', NULL, '2018-07-04 01:34:41'),
(104, 70, 'Completed', NULL, 0, '1500.00', 3, '2018-07-04 01:35:59', '2018-07-04 01:36:11', '2018-07-04 01:35:59', '2018-07-04 01:36:03'),
(105, 65, 'Completed', NULL, 0, '10000.00', 3, '2018-07-04 01:37:00', '2018-07-04 01:37:48', '2018-07-04 01:37:00', '2018-07-04 01:37:41'),
(106, 77, 'Completed', NULL, 0, '5000.00', 3, '2018-07-04 01:38:37', '2018-07-04 01:39:12', '2018-07-04 01:38:37', '2018-07-04 01:39:06'),
(107, 76, 'Completed', NULL, 0, '200.00', 3, '2018-07-04 06:54:35', '2018-07-04 07:18:01', '2018-07-04 06:54:35', '2018-07-04 07:10:49'),
(108, 62, 'Completed', 3, 20, '300.00', 3, '2018-07-04 07:07:42', '2018-07-04 07:24:39', '2018-07-04 07:07:42', NULL),
(109, 62, 'Completed', NULL, 0, '15000.00', 3, '2018-07-04 07:26:39', '2018-07-04 07:36:35', '2018-07-04 07:26:39', NULL),
(111, 66, 'Busy', NULL, 0, '0.00', 3, '2018-07-04 07:49:42', '2018-07-04 08:05:57', NULL, '2018-07-04 07:52:42'),
(112, 70, 'Completed', 3, 20, '128.00', 3, '2018-07-04 07:52:24', '2018-07-04 12:06:38', '2018-07-04 07:52:24', '2018-07-04 07:53:40'),
(113, 71, 'Completed', 0, 0, '120.00', 3, '2018-07-04 07:57:28', '2018-07-04 16:44:33', '2018-07-04 07:57:28', '2018-07-04 16:44:24'),
(114, 70, 'Completed', NULL, 0, '123123.00', 3, '2018-07-04 12:06:44', '2018-07-04 12:21:11', '2018-07-04 12:06:44', '2018-07-04 12:21:03'),
(115, 81, 'Busy', NULL, 0, '0.00', 3, '2018-07-04 13:08:12', '2018-07-04 13:08:12', '2018-07-04 13:08:12', NULL),
(116, 74, 'Completed', NULL, 0, '630.00', 3, '2018-07-04 17:29:56', '2018-07-04 17:30:12', '2018-07-04 17:29:56', '2018-07-04 17:30:06'),
(117, 82, 'Completed', NULL, 0, '610.00', 3, '2018-07-04 17:32:23', '2018-07-04 17:32:35', '2018-07-04 17:32:23', '2018-07-04 17:32:30'),
(118, 82, 'Completed', NULL, 0, '460.00', 3, '2018-07-04 17:46:13', '2018-07-04 17:47:00', '2018-07-04 17:46:12', '2018-07-04 17:46:54'),
(119, 79, 'Completed', NULL, 0, '560.00', 3, '2018-07-04 17:48:20', '2018-07-04 17:48:38', '2018-07-04 17:48:20', '2018-07-04 17:48:31'),
(120, 79, 'Completed', NULL, 0, '1755.00', 3, '2018-07-04 17:50:23', '2018-07-04 17:50:47', '2018-07-04 17:50:23', '2018-07-04 17:50:40'),
(121, 65, 'Busy', NULL, 0, '0.00', 3, '2018-07-05 11:03:08', '2018-07-05 11:03:08', '2018-07-05 11:03:08', NULL),
(122, 82, 'Busy', NULL, 0, '0.00', 3, '2018-07-05 11:04:25', '2018-07-05 11:04:25', '2018-07-05 11:04:25', NULL),
(123, 64, 'Busy', NULL, 0, '0.00', 3, '2018-07-05 11:10:47', '2018-07-05 11:10:47', '2018-07-05 11:10:47', NULL),
(128, 77, 'Busy', NULL, 0, '0.00', 3, '2018-07-05 11:30:22', '2018-07-05 11:30:22', NULL, NULL),
(129, 78, 'Completed', NULL, 0, '310.00', 3, '2018-07-05 11:38:59', '2018-07-05 11:42:31', '2018-07-05 11:38:59', '2018-07-05 11:42:21'),
(130, 78, 'Printed', NULL, 0, '0.00', 3, '2018-07-05 11:44:33', '2018-07-05 18:58:46', '2018-07-05 11:44:33', '2018-07-05 18:58:46'),
(131, 78, 'Completed', NULL, 0, '500.00', 3, '2018-07-07 05:08:50', '2018-07-07 05:08:58', '2018-07-07 05:08:50', NULL),
(132, 78, 'Completed', NULL, 0, '1090.00', 3, '2018-07-07 05:09:48', '2018-07-07 05:12:59', '2018-07-07 05:09:48', '2018-07-07 05:12:53'),
(133, 64, 'Completed', NULL, 0, '500.00', 3, '2018-07-07 05:09:53', '2018-07-07 05:10:12', '2018-07-07 05:09:53', '2018-07-07 05:09:56'),
(134, 64, 'Completed', NULL, 0, '500.00', 3, '2018-07-07 05:11:34', '2018-07-07 05:11:56', '2018-07-07 05:11:34', '2018-07-07 05:11:37'),
(135, 65, 'Completed', NULL, 0, '970.00', 3, '2018-07-07 05:12:17', '2018-07-07 05:12:37', '2018-07-07 05:12:17', NULL),
(136, 77, 'Completed', NULL, 0, '5000.00', 3, '2018-07-07 05:13:11', '2018-07-07 05:14:12', '2018-07-07 05:13:11', '2018-07-07 05:14:04'),
(137, 82, 'Completed', NULL, 0, '5000.00', 3, '2018-07-07 05:17:55', '2018-07-07 05:18:15', '2018-07-07 05:17:55', '2018-07-07 05:18:09'),
(139, 78, 'Completed', NULL, 0, '460.00', 3, '2018-07-07 06:05:54', '2018-07-07 06:06:50', '2018-07-07 06:05:54', '2018-07-07 06:05:58'),
(140, 70, 'Completed', NULL, 0, '310.00', 3, '2018-07-07 06:06:35', '2018-07-07 06:06:42', '2018-07-07 06:06:35', '2018-07-07 06:06:36'),
(141, 65, 'Completed', NULL, 0, '400.00', 3, '2018-07-07 06:07:02', '2018-07-07 06:32:59', '2018-07-07 06:07:02', '2018-07-07 06:32:49'),
(142, 65, 'Completed', NULL, 0, '460.00', 3, '2018-07-07 06:33:53', '2018-07-07 06:34:24', '2018-07-07 06:33:53', '2018-07-07 06:34:09'),
(143, 79, 'Completed', 3, 20, '400.00', 3, '2018-07-07 13:09:37', '2018-07-07 13:09:51', '2018-07-07 13:09:37', '2018-07-07 13:09:46'),
(144, 65, 'Completed', NULL, 0, '450.00', 3, '2018-07-08 07:55:24', '2018-07-08 08:21:03', '2018-07-08 07:55:24', '2018-07-08 08:20:57'),
(145, 65, 'Completed', NULL, 0, '920.00', 3, '2018-07-08 08:23:39', '2018-07-08 11:39:15', '2018-07-08 08:23:39', '2018-07-08 11:39:03');

-- --------------------------------------------------------

--
-- Table structure for table `order_details`
--

CREATE TABLE `order_details` (
  `id` bigint(20) NOT NULL,
  `order_id` bigint(20) DEFAULT NULL,
  `product_id` int(11) DEFAULT NULL,
  `description` varchar(500) DEFAULT NULL,
  `quantity` float DEFAULT NULL,
  `price` decimal(10,2) DEFAULT NULL,
  `ordered_date` datetime DEFAULT NULL,
  `discount` int(11) DEFAULT '0',
  `created_at` datetime DEFAULT NULL,
  `updated_at` datetime DEFAULT NULL,
  `deleted_at` datetime DEFAULT NULL,
  `user_id` int(11) DEFAULT NULL,
  `Srv` int(4) DEFAULT NULL,
  `Owner` float DEFAULT '0',
  `PWD` float DEFAULT '0',
  `Senior` float DEFAULT '0',
  `Pax` int(4) DEFAULT '1'
) ENGINE=InnoDB DEFAULT CHARSET=utf8;

--
-- Dumping data for table `order_details`
--

INSERT INTO `order_details` (`id`, `order_id`, `product_id`, `description`, `quantity`, `price`, `ordered_date`, `discount`, `created_at`, `updated_at`, `deleted_at`, `user_id`, `Srv`, `Owner`, `PWD`, `Senior`, `Pax`) VALUES
(1, 1, 1257, 'Bacon', 1, '120.00', '2018-03-30 12:32:54', 0, '2018-03-30 12:32:54', '2018-03-30 12:32:54', NULL, 3, 0, 0, 0, 0, 0),
(2, 1, 1275, 'Fried Chicken', 1, '160.00', '2018-03-30 12:32:54', 0, '2018-03-30 12:32:56', '2018-03-30 12:32:56', NULL, 3, 0, 0, 0, 0, 0),
(3, 1, 1301, 'Iced Tea', 1, '75.00', '2018-03-30 12:32:54', 0, '2018-03-30 12:33:10', '2018-03-30 12:33:10', NULL, 3, 0, 0, 0, 0, 0),
(4, 2, 1257, 'Bacon', 1, '120.00', '2018-03-30 12:34:44', 0, '2018-03-30 12:34:44', '2018-03-30 12:34:47', '2018-03-30 12:34:47', 3, 0, 0, 0, 0, 0),
(5, 2, 1275, 'Fried Chicken', 1, '160.00', '2018-03-30 12:34:44', 0, '2018-03-30 12:34:49', '2018-03-30 12:34:56', '2018-03-30 12:34:56', 3, 0, 0, 0, 0, 0),
(6, 2, 1273, 'Creamy Mushroom Chicken Rice Toppings', 1, '150.00', '2018-03-30 12:34:44', 0, '2018-03-30 12:34:51', '2018-03-30 12:34:51', NULL, 3, 0, 0, 0, 0, 0),
(7, 2, 1283, 'Red Horse', 2, '55.00', '2018-03-30 12:34:44', 0, '2018-03-30 12:35:05', '2018-03-30 12:35:06', NULL, 3, 0, 0, 0, 0, 0),
(8, 3, 1307, 'PS4', 2, '80.00', '2018-03-30 12:35:34', 0, '2018-03-30 12:35:34', '2018-03-30 12:35:36', NULL, 3, 0, 0, 0, 0, 0),
(9, 4, 1269, 'Carbonara', 2, '150.00', '2018-03-29 12:39:11', 0, '2018-03-29 12:39:11', '2018-03-29 12:39:22', NULL, 3, 0, 0, 0, 0, 0),
(10, 5, 1269, 'Carbonara', 1, '150.00', '2018-03-30 12:42:39', 0, '2018-03-30 12:42:40', '2018-03-30 12:42:40', NULL, 3, 0, 0, 0, 0, 0),
(11, 5, 1271, 'Kaldereta Pasta', 1, '160.00', '2018-03-30 12:42:39', 0, '2018-03-30 12:42:41', '2018-03-30 12:42:41', NULL, 3, 0, 0, 0, 0, 0),
(12, 6, 1257, 'Bacon', 1, '120.00', '2018-03-30 12:43:00', 0, '2018-03-30 12:43:00', '2018-03-30 12:43:00', NULL, 3, 0, 0, 0, 0, 0),
(13, 6, 1253, 'Bangus', 1, '120.00', '2018-03-30 12:43:00', 0, '2018-03-30 12:43:01', '2018-03-30 12:43:01', NULL, 3, 0, 0, 0, 0, 0),
(14, 7, 1273, 'Creamy Mushroom Chicken Rice Toppings', 1, '150.00', '2018-03-30 13:03:08', 0, '2018-03-30 13:03:09', '2018-03-30 13:03:09', NULL, 3, 0, 0, 0, 0, 0),
(15, 8, 1269, 'Carbonara', 1, '150.00', '2018-07-03 04:18:49', 0, '2018-07-03 04:18:49', '2018-07-03 04:38:30', '2018-07-03 04:38:30', 3, 0, 0, 0, 0, 0),
(16, 8, 1271, 'Kaldereta Pasta', 2, '160.00', '2018-07-03 04:18:49', 0, '2018-07-03 04:19:36', '2018-07-03 04:38:29', '2018-07-03 04:38:29', 3, 0, 0, 0, 0, 0),
(17, 8, 1268, 'Plugged Burger', 1, '150.00', '2018-07-03 04:18:49', 0, '2018-07-03 04:19:36', '2018-07-03 04:38:26', '2018-07-03 04:38:26', 3, 0, 0, 0, 0, 0),
(18, 8, 1270, 'Pomodoro Pasta', 1, '150.00', '2018-07-03 04:18:49', 0, '2018-07-03 04:19:37', '2018-07-03 04:38:25', '2018-07-03 04:38:25', 3, 0, 0, 0, 0, 0),
(19, 8, 1307, 'PS4', 2, '80.00', '2018-07-03 04:18:49', 0, '2018-07-03 04:39:00', '2018-07-03 04:49:55', '2018-07-03 04:49:55', 3, 0, 0, 0, 0, 0),
(20, 8, 1313, 'Unlimited PS4', 2, '200.00', '2018-07-03 04:18:49', 0, '2018-07-03 04:39:01', '2018-07-03 04:49:57', '2018-07-03 04:49:57', 3, 0, 0, 0, 0, 0),
(21, 8, 1291, 'Bottled Water', 2, '20.00', '2018-07-03 04:18:49', 0, '2018-07-03 04:39:07', '2018-07-03 04:49:54', '2018-07-03 04:49:54', 3, 0, 0, 0, 0, 0),
(22, 8, 1299, 'Brewed Coffee', 1, '45.00', '2018-07-03 04:18:49', 0, '2018-07-03 04:39:08', '2018-07-03 04:49:55', '2018-07-03 04:49:55', 3, 0, 0, 0, 0, 0),
(23, 8, 1269, 'Carbonara', 1, '150.00', '2018-07-03 04:18:49', 0, '2018-07-03 05:00:13', '2018-07-03 05:00:13', NULL, 3, 0, 0, 0, 0, 0),
(24, 8, 1271, 'Kaldereta Pasta', 2, '160.00', '2018-07-03 04:18:49', 0, '2018-07-03 05:00:14', '2018-07-03 05:00:15', NULL, 3, 0, 0, 0, 0, 0),
(25, 9, 1269, 'Carbonara', 1, '150.00', '2018-07-03 05:00:46', 0, '2018-07-03 05:00:46', '2018-07-03 05:00:46', NULL, 3, 0, 0, 0, 0, 0),
(26, 9, 1277, 'Fish Fillet', 3, '160.00', '2018-07-03 05:00:46', 0, '2018-07-03 05:00:47', '2018-07-03 05:00:49', NULL, 3, 0, 0, 0, 0, 0),
(27, 9, 1275, 'Fried Chicken', 2, '160.00', '2018-07-03 05:00:46', 0, '2018-07-03 05:00:48', '2018-07-03 05:00:48', NULL, 3, 0, 0, 0, 0, 0),
(28, 9, 1299, 'Brewed Coffee', 1, '45.00', '2018-07-03 05:00:46', 0, '2018-07-03 05:00:50', '2018-07-03 05:00:55', NULL, 3, 0, 0, 0, 0, 0),
(29, 9, 1291, 'Bottled Water', 3, '20.00', '2018-07-03 05:00:46', 0, '2018-07-03 05:00:50', '2018-07-03 05:00:51', NULL, 3, 0, 0, 0, 0, 0),
(30, 9, 1270, 'Pomodoro Pasta', 2, '150.00', '2018-07-03 05:00:46', 0, '2018-07-03 05:00:59', '2018-07-03 05:01:00', NULL, 3, 0, 0, 0, 0, 0),
(31, 10, 1284, 'Pale Pilsen', 2, '60.00', '2018-07-03 05:01:35', 0, '2018-07-03 05:01:35', '2018-07-03 05:01:36', NULL, 3, 0, 0, 0, 0, 0),
(32, 10, 1313, 'Unlimited PS4', 2, '200.00', '2018-07-03 05:01:35', 0, '2018-07-03 05:01:39', '2018-07-03 05:01:39', NULL, 3, 0, 0, 0, 0, 0),
(33, 11, 1269, 'Carbonara', 2, '150.00', '2018-07-03 05:07:18', 0, '2018-07-03 05:07:18', '2018-07-03 05:07:19', NULL, 3, 0, 0, 0, 0, 0),
(34, 11, 1271, 'Kaldereta Pasta', 1, '160.00', '2018-07-03 05:07:18', 0, '2018-07-03 05:07:18', '2018-07-03 05:07:18', NULL, 3, 0, 0, 0, 0, 0),
(35, 11, 1268, 'Plugged Burger', 1, '150.00', '2018-07-03 05:07:18', 0, '2018-07-03 05:07:19', '2018-07-03 05:07:19', NULL, 3, 0, 0, 0, 0, 0),
(36, 12, 1269, 'Carbonara', 2, '150.00', '2018-07-03 05:08:20', 0, '2018-07-03 05:08:20', '2018-07-03 05:08:21', NULL, 3, 0, 0, 0, 0, 0),
(37, 12, 1271, 'Kaldereta Pasta', 1, '160.00', '2018-07-03 05:08:20', 0, '2018-07-03 05:08:20', '2018-07-03 05:08:20', NULL, 3, 0, 0, 0, 0, 0),
(38, 13, 1269, 'Carbonara', 1, '150.00', '2018-07-03 05:19:07', 0, '2018-07-03 05:19:07', '2018-07-03 05:19:07', NULL, 3, 0, 0, 0, 0, 0),
(39, 13, 1309, 'BBQ Fries', 2, '115.00', '2018-07-03 05:19:07', 0, '2018-07-03 05:19:12', '2018-07-03 05:19:12', NULL, 3, 0, 0, 0, 0, 0),
(40, 13, 1310, 'Sour Cream Fries', 2, '115.00', '2018-07-03 05:19:07', 0, '2018-07-03 05:19:17', '2018-07-03 05:19:17', NULL, 3, 0, 0, 0, 0, 0),
(41, 13, 1268, 'Plugged Burger', 2, '150.00', '2018-07-03 05:19:07', 0, '2018-07-03 05:19:19', '2018-07-03 05:19:19', NULL, 3, 0, 0, 0, 0, 0),
(42, 13, 1292, 'Soft Drinks', 10, '35.00', '2018-07-03 05:19:07', 0, '2018-07-03 05:19:26', '2018-07-03 05:19:33', NULL, 3, 0, 0, 0, 0, 0),
(43, 14, 1306, 'Blueberry Frappe', 2, '140.00', '2018-07-03 05:20:21', 0, '2018-07-03 05:20:21', '2018-07-03 05:20:24', NULL, 3, 0, 0, 0, 0, 0),
(44, 14, 1291, 'Bottled Water', 1, '20.00', '2018-07-03 05:20:21', 0, '2018-07-03 05:20:23', '2018-07-03 05:20:23', NULL, 3, 0, 0, 0, 0, 0),
(45, 15, 1291, 'Bottled Water', 1, '20.00', '2018-07-03 05:38:02', 0, '2018-07-03 05:38:02', '2018-07-03 05:48:59', '2018-07-03 05:48:59', 3, 0, 0, 0, 0, 0),
(46, 15, 1306, 'Blueberry Frappe', 105, '140.00', '2018-07-03 05:38:02', 0, '2018-07-03 05:38:02', '2018-07-03 05:48:57', '2018-07-03 05:48:57', 3, 0, 0, 0, 0, 0),
(47, 15, 1304, 'Double Chocolate Chip Frappe', 1, '130.00', '2018-07-03 05:38:02', 0, '2018-07-03 05:48:28', '2018-07-03 05:51:49', '2018-07-03 05:51:49', 3, 0, 0, 0, 0, 0),
(48, 15, 1299, 'Brewed Coffee', 2, '45.00', '2018-07-03 05:38:02', 0, '2018-07-03 05:49:11', '2018-07-03 05:51:48', '2018-07-03 05:51:48', 3, 0, 0, 0, 0, 0),
(49, 15, 1290, 'Smirnoff Mule Bucket', 2, '330.00', '2018-07-03 05:38:02', 0, '2018-07-03 05:50:04', '2018-07-03 05:59:46', '2018-07-03 05:59:46', 3, 0, 0, 0, 0, 0),
(50, 15, 1292, 'Soft Drinks', 2, '35.00', '2018-07-03 05:38:02', 0, '2018-07-03 05:50:06', '2018-07-03 05:50:06', NULL, 3, 0, 0, 0, 0, 0),
(51, 15, 1301, 'Iced Tea', 2, '75.00', '2018-07-03 05:38:02', 0, '2018-07-03 05:50:09', '2018-07-03 05:59:45', '2018-07-03 05:59:45', 3, 0, 0, 0, 0, 0),
(52, 15, 1291, 'Bottled Water', 2, '20.00', '2018-07-03 05:38:02', 0, '2018-07-03 05:50:10', '2018-07-03 05:51:47', '2018-07-03 05:51:47', 3, 0, 0, 0, 0, 0),
(53, 15, 1268, 'Plugged Burger', 4, '150.00', '2018-07-03 05:38:02', 0, '2018-07-03 05:52:12', '2018-07-03 05:59:45', '2018-07-03 05:59:45', 3, 0, 0, 0, 0, 0),
(54, 15, 1268, 'Plugged Burger', 2, '150.00', '2018-07-03 05:38:02', 0, '2018-07-03 05:59:49', '2018-07-03 05:59:50', NULL, 3, 0, 0, 0, 0, 0),
(55, 15, 1270, 'Pomodoro Pasta', 2, '150.00', '2018-07-03 05:38:02', 0, '2018-07-03 05:59:50', '2018-07-03 05:59:50', NULL, 3, 0, 0, 0, 0, 0),
(56, 16, 1269, 'Carbonara', 2, '150.00', '2018-07-03 06:01:02', 0, '2018-07-03 06:01:02', '2018-07-03 06:34:58', NULL, 3, 0, 0, 0, 0, 0),
(57, 16, 1268, 'Plugged Burger', 3, '150.00', '2018-07-03 06:01:02', 0, '2018-07-03 06:01:04', '2018-07-03 06:34:59', NULL, 3, 0, 0, 0, 0, 0),
(58, 16, 1270, 'Pomodoro Pasta', 2, '150.00', '2018-07-03 06:01:02', 0, '2018-07-03 06:01:05', '2018-07-03 06:01:06', NULL, 3, 0, 0, 0, 0, 0),
(59, 16, 1271, 'Kaldereta Pasta', 1, '160.00', '2018-07-03 06:01:02', 0, '2018-07-03 06:34:58', '2018-07-03 06:34:58', NULL, 3, 0, 0, 0, 0, 0),
(60, 16, 1314, 'Jenga', 2, '100.00', '2018-07-03 06:01:02', 0, '2018-07-03 06:35:01', '2018-07-03 06:35:01', NULL, 3, 0, 0, 0, 0, 0),
(61, 16, 1317, 'Game of the Generals', 2, '100.00', '2018-07-03 06:01:02', 0, '2018-07-03 06:35:02', '2018-07-03 06:35:02', NULL, 3, 0, 0, 0, 0, 0),
(62, 17, 1275, 'Fried Chicken', 2, '160.00', '2018-07-03 06:35:20', 0, '2018-07-03 06:35:20', '2018-07-03 06:35:32', '2018-07-03 06:35:32', 3, 0, 0, 0, 0, 0),
(63, 17, 1277, 'Fish Fillet', 2, '160.00', '2018-07-03 06:35:20', 0, '2018-07-03 06:35:20', '2018-07-03 06:35:31', '2018-07-03 06:35:31', 3, 0, 0, 0, 0, 0),
(64, 17, 1273, 'Creamy Mushroom Chicken Rice Toppings', 2, '150.00', '2018-07-03 06:35:20', 0, '2018-07-03 06:35:21', '2018-07-03 06:35:30', '2018-07-03 06:35:30', 3, 0, 0, 0, 0, 0),
(65, 17, 1276, 'Grilled Chicken Breast', 2, '160.00', '2018-07-03 06:35:20', 0, '2018-07-03 06:35:21', '2018-07-03 06:35:33', '2018-07-03 06:35:33', 3, 0, 0, 0, 0, 0),
(66, 17, 1278, 'Kaldereta', 2, '180.00', '2018-07-03 06:35:20', 0, '2018-07-03 06:35:22', '2018-07-03 06:35:33', '2018-07-03 06:35:33', 3, 0, 0, 0, 0, 0),
(67, 17, 1279, 'Plugged Schnitzel', 2, '180.00', '2018-07-03 06:35:20', 0, '2018-07-03 06:35:23', '2018-07-03 06:35:35', '2018-07-03 06:35:35', 3, 0, 0, 0, 0, 0),
(68, 17, 1280, 'Pork Chop', 2, '180.00', '2018-07-03 06:35:20', 0, '2018-07-03 06:35:36', '2018-07-03 06:35:36', NULL, 3, 0, 0, 0, 0, 0),
(69, 17, 1284, 'Pale Pilsen', 2, '60.00', '2018-07-03 06:35:20', 0, '2018-07-03 06:35:38', '2018-07-03 06:35:38', NULL, 3, 0, 0, 0, 0, 0),
(70, 17, 1266, 'Chicken Poppers', 2, '160.00', '2018-07-03 06:35:20', 0, '2018-07-03 06:35:40', '2018-07-03 06:35:41', NULL, 3, 0, 0, 0, 0, 0),
(71, 17, 1263, 'Buffalo Wings', 2, '150.00', '2018-07-03 06:35:20', 0, '2018-07-03 06:35:41', '2018-07-03 06:35:42', NULL, 3, 0, 0, 0, 0, 0),
(72, 18, 1252, 'Beef Tapa', 2, '120.00', '2018-07-03 06:36:29', 0, '2018-07-03 06:36:29', '2018-07-03 06:36:29', NULL, 3, 0, 0, 0, 0, 0),
(73, 18, 1253, 'Bangus', 2, '120.00', '2018-07-03 06:36:29', 0, '2018-07-03 06:36:30', '2018-07-03 06:36:31', NULL, 3, 0, 0, 0, 0, 0),
(74, 18, 1255, 'Ham', 2, '90.00', '2018-07-03 06:36:29', 0, '2018-07-03 06:36:33', '2018-07-03 06:36:33', NULL, 3, 0, 0, 0, 0, 0),
(75, 18, 1300, 'Hot Choco', 4, '60.00', '2018-07-03 06:36:29', 0, '2018-07-03 06:36:36', '2018-07-03 06:36:37', NULL, 3, 0, 0, 0, 0, 0),
(76, 18, 1299, 'Brewed Coffee', 2, '45.00', '2018-07-03 06:36:29', 0, '2018-07-03 06:36:39', '2018-07-03 06:36:40', NULL, 3, 0, 0, 0, 0, 0),
(77, 19, 1259, 'Thousand Island', 2, '120.00', '2018-07-03 06:36:53', 0, '2018-07-03 06:36:53', '2018-07-03 06:36:59', NULL, 3, 0, 0, 0, 0, 0),
(78, 19, 1269, 'Carbonara', 2, '150.00', '2018-07-03 06:36:53', 0, '2018-07-03 06:37:02', '2018-07-03 06:37:02', NULL, 3, 0, 0, 0, 0, 0),
(79, 19, 1271, 'Kaldereta Pasta', 2, '160.00', '2018-07-03 06:36:53', 0, '2018-07-03 06:37:03', '2018-07-03 06:37:04', NULL, 3, 0, 0, 0, 0, 0),
(80, 19, 1291, 'Bottled Water', 4, '20.00', '2018-07-03 06:36:53', 0, '2018-07-03 06:37:07', '2018-07-03 06:37:09', NULL, 3, 0, 0, 0, 0, 0),
(81, 20, 1303, 'Choco Almond Frappe', 4, '130.00', '2018-07-03 07:33:19', 0, '2018-07-03 07:33:19', '2018-07-03 07:33:32', NULL, 3, 0, 0, 0, 0, 0),
(82, 20, 1304, 'Double Chocolate Chip Frappe', 3, '130.00', '2018-07-03 07:33:19', 0, '2018-07-03 07:33:21', '2018-07-03 07:33:31', NULL, 3, 0, 0, 0, 0, 0),
(83, 20, 1307, 'PS4', 1, '80.00', '2018-07-03 07:33:19', 0, '2018-07-03 07:33:24', '2018-07-03 07:33:24', NULL, 3, 0, 0, 0, 0, 0),
(84, 20, 1319, 'Monopoly', 1, '100.00', '2018-07-03 07:33:19', 0, '2018-07-03 07:33:26', '2018-07-03 07:33:26', NULL, 3, 0, 0, 0, 0, 0),
(85, 20, 1314, 'Jenga', 1, '100.00', '2018-07-03 07:33:19', 0, '2018-07-03 07:33:26', '2018-07-03 07:33:26', NULL, 3, 0, 0, 0, 0, 0),
(86, 21, 1301, 'Iced Tea', 3, '75.00', '2018-07-03 07:33:57', 0, '2018-07-03 07:33:57', '2018-07-03 07:34:04', NULL, 3, 0, 0, 0, 0, 0),
(87, 21, 1293, 'Mango Juice', 1, '40.00', '2018-07-03 07:33:57', 0, '2018-07-03 07:33:58', '2018-07-03 07:34:02', NULL, 3, 0, 0, 0, 0, 0),
(88, 21, 1304, 'Double Chocolate Chip Frappe', 3, '130.00', '2018-07-03 07:33:57', 0, '2018-07-03 07:34:06', '2018-07-03 07:34:08', NULL, 3, 0, 0, 0, 0, 0),
(89, 22, 1313, 'Unlimited PS4', 2, '200.00', '2018-07-03 07:34:40', 0, '2018-07-03 07:34:40', '2018-07-03 07:34:40', NULL, 3, 0, 0, 0, 0, 0),
(90, 22, 1310, 'Sour Cream Fries', 2, '115.00', '2018-07-03 07:34:40', 0, '2018-07-03 07:34:45', '2018-07-03 07:34:45', NULL, 3, 0, 0, 0, 0, 0),
(91, 22, 1308, 'Plain Fries', 4, '115.00', '2018-07-03 07:34:40', 0, '2018-07-03 07:34:45', '2018-07-03 07:34:49', NULL, 3, 0, 0, 0, 0, 0),
(92, 23, 1309, 'BBQ Fries', 2, '115.00', '2018-07-03 07:35:03', 0, '2018-07-03 07:35:03', '2018-07-03 07:35:04', NULL, 3, 0, 0, 0, 0, 0),
(93, 23, 1293, 'Mango Juice', 2, '40.00', '2018-07-03 07:35:03', 0, '2018-07-03 07:35:09', '2018-07-03 07:35:09', NULL, 3, 0, 0, 0, 0, 0),
(94, 23, 1305, 'Oreo Goodness Frappe', 2, '130.00', '2018-07-03 07:35:03', 0, '2018-07-03 07:35:10', '2018-07-03 07:35:11', NULL, 3, 0, 0, 0, 0, 0),
(95, 24, 1289, 'Pale Pilsen Bucket', 1, '330.00', '2018-07-03 07:35:27', 0, '2018-07-03 07:35:27', '2018-07-03 07:35:32', NULL, 3, 0, 0, 0, 0, 0),
(96, 24, 1265, 'Garlic Parmesan Wings', 2, '160.00', '2018-07-03 07:35:27', 0, '2018-07-03 07:35:37', '2018-07-03 07:35:37', NULL, 3, 0, 0, 0, 0, 0),
(97, 24, 1264, 'Honey BBQ Wings', 2, '150.00', '2018-07-03 07:35:27', 0, '2018-07-03 07:35:38', '2018-07-03 07:35:38', NULL, 3, 0, 0, 0, 0, 0),
(98, 24, 1260, 'Onion Rings', 2, '120.00', '2018-07-03 07:35:27', 0, '2018-07-03 07:35:39', '2018-07-03 07:35:39', NULL, 3, 0, 0, 0, 0, 0),
(99, 24, 1267, 'Sizzling Liempo', 2, '180.00', '2018-07-03 07:35:27', 0, '2018-07-03 07:35:40', '2018-07-03 07:35:40', NULL, 3, 0, 0, 0, 0, 0),
(100, 25, 1262, 'Beef Nachos', 2, '150.00', '2018-07-03 07:36:28', 0, '2018-07-03 07:36:28', '2018-07-03 07:36:29', NULL, 3, 0, 0, 0, 0, 0),
(101, 25, 1263, 'Buffalo Wings', 1, '150.00', '2018-07-03 07:36:28', 0, '2018-07-03 07:36:29', '2018-07-03 07:36:29', NULL, 3, 0, 0, 0, 0, 0),
(102, 25, 1266, 'Chicken Poppers', 1, '160.00', '2018-07-03 07:36:28', 0, '2018-07-03 07:36:30', '2018-07-03 07:36:30', NULL, 3, 0, 0, 0, 0, 0),
(103, 25, 1298, 'Pineapple Orange Juice', 1, '45.00', '2018-07-03 07:36:28', 0, '2018-07-03 07:36:36', '2018-07-03 07:36:36', NULL, 3, 0, 0, 0, 0, 0),
(104, 25, 1297, 'Pineapple Strawberry Juice', 1, '45.00', '2018-07-03 07:36:28', 0, '2018-07-03 07:36:37', '2018-07-03 07:36:37', NULL, 3, 0, 0, 0, 0, 0),
(105, 25, 1283, 'Red Horse', 1, '55.00', '2018-07-03 07:36:28', 0, '2018-07-03 07:36:39', '2018-07-03 07:36:39', NULL, 3, 0, 0, 0, 0, 0),
(106, 25, 1288, 'Red Horse Bucket', 1, '310.00', '2018-07-03 07:36:28', 0, '2018-07-03 07:36:40', '2018-07-03 07:36:40', NULL, 3, 0, 0, 0, 0, 0),
(107, 26, 1295, 'Pineapple Juice', 1, '40.00', '2018-07-03 07:36:59', 0, '2018-07-03 07:36:59', '2018-07-03 07:36:59', NULL, 3, 0, 0, 0, 0, 0),
(108, 26, 1298, 'Pineapple Orange Juice', 1, '45.00', '2018-07-03 07:36:59', 0, '2018-07-03 07:37:00', '2018-07-03 07:37:00', NULL, 3, 0, 0, 0, 0, 0),
(109, 26, 1297, 'Pineapple Strawberry Juice', 1, '45.00', '2018-07-03 07:36:59', 0, '2018-07-03 07:37:01', '2018-07-03 07:37:01', NULL, 3, 0, 0, 0, 0, 0),
(110, 26, 1283, 'Red Horse', 1, '55.00', '2018-07-03 07:36:59', 0, '2018-07-03 07:37:02', '2018-07-03 07:37:02', NULL, 3, 0, 0, 0, 0, 0),
(111, 26, 1310, 'Sour Cream Fries', 1, '115.00', '2018-07-03 07:36:59', 0, '2018-07-03 07:37:03', '2018-07-03 07:37:03', NULL, 3, 0, 0, 0, 0, 0),
(112, 26, 1308, 'Plain Fries', 1, '115.00', '2018-07-03 07:36:59', 0, '2018-07-03 07:37:04', '2018-07-03 07:37:04', NULL, 3, 0, 0, 0, 0, 0),
(113, 26, 1259, 'Thousand Island', 1, '120.00', '2018-07-03 07:36:59', 0, '2018-07-03 07:37:05', '2018-07-03 07:37:05', NULL, 3, 0, 0, 0, 0, 0),
(114, 27, 1277, 'Fish Fillet', 2, '160.00', '2018-07-03 07:37:44', 0, '2018-07-03 07:37:44', '2018-07-03 07:37:44', NULL, 3, 0, 0, 0, 0, 0),
(115, 27, 1273, 'Creamy Mushroom Chicken Rice Toppings', 3, '150.00', '2018-07-03 07:37:44', 0, '2018-07-03 07:37:45', '2018-07-03 07:37:46', NULL, 3, 0, 0, 0, 0, 0),
(116, 27, 1255, 'Ham', 2, '90.00', '2018-07-03 07:37:44', 0, '2018-07-03 07:37:49', '2018-07-03 07:37:50', NULL, 3, 0, 0, 0, 0, 0),
(117, 27, 1256, 'Corned Beef', 2, '120.00', '2018-07-03 07:37:44', 0, '2018-07-03 07:37:50', '2018-07-03 07:37:50', NULL, 3, 0, 0, 0, 0, 0),
(118, 27, 1253, 'Bangus', 2, '120.00', '2018-07-03 07:37:44', 0, '2018-07-03 07:37:54', '2018-07-03 07:37:54', NULL, 3, 0, 0, 0, 0, 0),
(119, 27, 1290, 'Smirnoff Mule Bucket', 1, '330.00', '2018-07-03 07:37:44', 0, '2018-07-03 07:38:01', '2018-07-03 07:38:01', NULL, 3, 0, 0, 0, 0, 0),
(120, 27, 1292, 'Soft Drinks', 3, '35.00', '2018-07-03 07:37:44', 0, '2018-07-03 07:38:03', '2018-07-03 07:38:04', NULL, 3, 0, 0, 0, 0, 0),
(121, 28, 1269, 'Carbonara', 1, '150.00', '2018-07-03 07:38:39', 0, '2018-07-03 07:38:39', '2018-07-05 11:34:36', NULL, 3, 0, 0, 0, 0, 0),
(122, 28, 1271, 'Kaldereta Pasta', 2, '160.00', '2018-07-03 07:38:39', 0, '2018-07-03 07:38:39', '2018-07-03 07:38:40', NULL, 3, 0, 0, 0, 0, 0),
(123, 28, 1268, 'Plugged Burger', 1, '150.00', '2018-07-03 07:38:39', 0, '2018-07-03 07:38:40', '2018-07-03 07:38:40', NULL, 3, 0, 0, 0, 0, 0),
(124, 28, 1301, 'Iced Tea', 3, '75.00', '2018-07-03 07:38:39', 0, '2018-07-03 07:38:43', '2018-07-03 07:38:45', NULL, 3, 0, 0, 0, 0, 0),
(125, 29, 1319, 'Monopoly', 1, '100.00', '2018-07-03 07:42:50', 0, '2018-07-03 07:42:50', '2018-07-03 07:43:01', '2018-07-03 07:43:01', 3, 0, 0, 0, 0, 0),
(126, 29, 1314, 'Jenga', 1, '100.00', '2018-07-03 07:42:50', 0, '2018-07-03 07:42:52', '2018-07-03 07:42:59', '2018-07-03 07:42:59', 3, 0, 0, 0, 0, 0),
(127, 29, 1307, 'PS4', 2, '80.00', '2018-07-03 07:42:50', 0, '2018-07-03 07:43:02', '2018-07-03 07:43:06', '2018-07-03 07:43:06', 3, 0, 0, 0, 0, 0),
(128, 29, 1307, 'PS4', 1, '80.00', '2018-07-03 07:42:50', 0, '2018-07-03 07:43:07', '2018-07-03 07:43:07', NULL, 3, 0, 0, 0, 0, 0),
(129, 29, 1293, 'Mango Juice', 1, '40.00', '2018-07-03 07:42:50', 0, '2018-07-03 07:43:13', '2018-07-03 07:43:13', NULL, 3, 0, 0, 0, 0, 0),
(130, 29, 1305, 'Oreo Goodness Frappe', 1, '130.00', '2018-07-03 07:42:50', 0, '2018-07-03 07:43:15', '2018-07-03 07:43:15', NULL, 3, 0, 0, 0, 0, 0),
(131, 29, 1303, 'Choco Almond Frappe', 1, '130.00', '2018-07-03 07:42:50', 0, '2018-07-03 07:43:17', '2018-07-03 07:43:17', NULL, 3, 0, 0, 0, 0, 0),
(132, 30, 1274, 'Pork Sisig Rice', 2, '150.00', '2018-07-03 07:43:31', 0, '2018-07-03 07:43:31', '2018-07-03 07:43:32', NULL, 3, 0, 0, 0, 0, 0),
(133, 30, 1307, 'PS4', 1, '80.00', '2018-07-03 07:43:31', 0, '2018-07-03 07:43:36', '2018-07-03 07:43:36', NULL, 3, 0, 0, 0, 0, 0),
(134, 30, 1289, 'Pale Pilsen Bucket', 1, '330.00', '2018-07-03 07:43:31', 0, '2018-07-03 07:43:39', '2018-07-03 07:43:39', NULL, 3, 0, 0, 0, 0, 0),
(135, 31, 1258, 'Chicken Salad', 2, '130.00', '2018-07-03 07:43:50', 0, '2018-07-03 07:43:50', '2018-07-03 07:43:51', NULL, 3, 0, 0, 0, 0, 0),
(136, 31, 1307, 'PS4', 1, '80.00', '2018-07-03 07:43:50', 0, '2018-07-03 07:43:54', '2018-07-03 07:43:54', NULL, 3, 0, 0, 0, 0, 0),
(137, 31, 1269, 'Carbonara', 1, '150.00', '2018-07-03 07:43:50', 0, '2018-07-03 07:43:58', '2018-07-03 07:43:58', NULL, 3, 0, 0, 0, 0, 0),
(138, 31, 1288, 'Red Horse Bucket', 1, '310.00', '2018-07-03 07:43:50', 0, '2018-07-03 07:44:07', '2018-07-03 07:44:07', NULL, 3, 0, 0, 0, 0, 0),
(139, 32, 1273, 'Creamy Mushroom Chicken Rice Toppings', 1, '150.00', '2018-07-03 07:44:27', 0, '2018-07-03 07:44:27', '2018-07-03 07:44:27', NULL, 3, 0, 0, 0, 0, 0),
(140, 32, 1277, 'Fish Fillet', 1, '160.00', '2018-07-03 07:44:27', 0, '2018-07-03 07:44:27', '2018-07-03 07:44:27', NULL, 3, 0, 0, 0, 0, 0),
(141, 32, 1275, 'Fried Chicken', 1, '160.00', '2018-07-03 07:44:27', 0, '2018-07-03 07:44:28', '2018-07-03 07:44:28', NULL, 3, 0, 0, 0, 0, 0),
(142, 32, 1278, 'Kaldereta', 1, '180.00', '2018-07-03 07:44:27', 0, '2018-07-03 07:44:31', '2018-07-03 07:44:31', NULL, 3, 0, 0, 0, 0, 0),
(143, 32, 1276, 'Grilled Chicken Breast', 1, '160.00', '2018-07-03 07:44:27', 0, '2018-07-03 07:44:34', '2018-07-03 07:44:34', NULL, 3, 0, 0, 0, 0, 0),
(144, 33, 1268, 'Plugged Burger', 1, '150.00', '2018-07-03 07:44:46', 0, '2018-07-03 07:44:46', '2018-07-03 07:44:46', NULL, 3, 0, 0, 0, 0, 0),
(145, 33, 1270, 'Pomodoro Pasta', 2, '150.00', '2018-07-03 07:44:46', 0, '2018-07-03 07:44:47', '2018-07-03 07:44:49', NULL, 3, 0, 0, 0, 0, 0),
(146, 33, 1271, 'Kaldereta Pasta', 1, '160.00', '2018-07-03 07:44:46', 0, '2018-07-03 07:44:48', '2018-07-03 07:44:48', NULL, 3, 0, 0, 0, 0, 0),
(147, 33, 1293, 'Mango Juice', 4, '40.00', '2018-07-03 07:44:46', 0, '2018-07-03 07:44:51', '2018-07-03 07:44:55', NULL, 3, 0, 0, 0, 0, 0),
(148, 34, 1310, 'Sour Cream Fries', 1, '115.00', '2018-07-03 07:45:07', 0, '2018-07-03 07:45:07', '2018-07-03 07:45:07', NULL, 3, 0, 0, 0, 0, 0),
(149, 34, 1308, 'Plain Fries', 1, '115.00', '2018-07-03 07:45:07', 0, '2018-07-03 07:45:08', '2018-07-03 07:45:08', NULL, 3, 0, 0, 0, 0, 0),
(150, 34, 1312, 'Cheesy Beef Fries', 1, '165.00', '2018-07-03 07:45:07', 0, '2018-07-03 07:45:08', '2018-07-03 07:45:08', NULL, 3, 0, 0, 0, 0, 0),
(151, 34, 1311, 'Cheese Fries', 1, '115.00', '2018-07-03 07:45:07', 0, '2018-07-03 07:45:09', '2018-07-03 07:45:09', NULL, 3, 0, 0, 0, 0, 0),
(152, 34, 1307, 'PS4', 1, '80.00', '2018-07-03 07:45:07', 0, '2018-07-03 07:45:11', '2018-07-03 07:45:11', NULL, 3, 0, 0, 0, 0, 0),
(153, 35, 1299, 'Brewed Coffee', 3, '45.00', '2018-07-03 07:46:38', 0, '2018-07-03 07:46:38', '2018-07-03 07:46:46', NULL, 3, 0, 0, 0, 0, 0),
(154, 35, 1255, 'Ham', 1, '90.00', '2018-07-03 07:46:38', 0, '2018-07-03 07:46:41', '2018-07-03 07:46:41', NULL, 3, 0, 0, 0, 0, 0),
(155, 35, 1252, 'Beef Tapa', 1, '120.00', '2018-07-03 07:46:38', 0, '2018-07-03 07:46:42', '2018-07-03 07:46:42', NULL, 3, 0, 0, 0, 0, 0),
(156, 35, 1253, 'Bangus', 1, '120.00', '2018-07-03 07:46:38', 0, '2018-07-03 07:46:42', '2018-07-03 07:46:42', NULL, 3, 0, 0, 0, 0, 0),
(157, 36, 1271, 'Kaldereta Pasta', 1, '160.00', '2018-07-03 07:48:21', 0, '2018-07-03 07:48:21', '2018-07-03 07:48:21', NULL, 3, 0, 0, 0, 0, 0),
(158, 36, 1268, 'Plugged Burger', 1, '150.00', '2018-07-03 07:48:21', 0, '2018-07-03 07:48:22', '2018-07-03 07:48:22', NULL, 3, 0, 0, 0, 0, 0),
(159, 36, 1270, 'Pomodoro Pasta', 1, '150.00', '2018-07-03 07:48:21', 0, '2018-07-03 07:48:23', '2018-07-03 07:48:23', NULL, 3, 0, 0, 0, 0, 0),
(160, 36, 1294, 'Four Seasons', 2, '40.00', '2018-07-03 07:48:21', 0, '2018-07-03 07:48:26', '2018-07-03 07:48:26', NULL, 3, 0, 0, 0, 0, 0),
(161, 36, 1293, 'Mango Juice', 1, '40.00', '2018-07-03 07:48:21', 0, '2018-07-03 07:48:28', '2018-07-03 07:48:28', NULL, 3, 0, 0, 0, 0, 0),
(162, 37, 1265, 'Garlic Parmesan Wings', 1, '160.00', '2018-07-03 07:48:45', 0, '2018-07-03 07:48:45', '2018-07-03 07:48:45', NULL, 3, 0, 0, 0, 0, 0),
(163, 37, 1266, 'Chicken Poppers', 1, '160.00', '2018-07-03 07:48:45', 0, '2018-07-03 07:48:45', '2018-07-03 07:48:45', NULL, 3, 0, 0, 0, 0, 0),
(164, 37, 1263, 'Buffalo Wings', 1, '150.00', '2018-07-03 07:48:45', 0, '2018-07-03 07:48:46', '2018-07-03 07:48:46', NULL, 3, 0, 0, 0, 0, 0),
(165, 37, 1308, 'Plain Fries', 1, '115.00', '2018-07-03 07:48:45', 0, '2018-07-03 07:48:48', '2018-07-03 07:48:48', NULL, 3, 0, 0, 0, 0, 0),
(166, 37, 1297, 'Pineapple Strawberry Juice', 1, '45.00', '2018-07-03 07:48:45', 0, '2018-07-03 07:48:52', '2018-07-03 07:48:52', NULL, 3, 0, 0, 0, 0, 0),
(167, 37, 1298, 'Pineapple Orange Juice', 3, '45.00', '2018-07-03 07:48:45', 0, '2018-07-03 07:48:52', '2018-07-03 07:48:55', NULL, 3, 0, 0, 0, 0, 0),
(168, 37, 1295, 'Pineapple Juice', 1, '40.00', '2018-07-03 07:48:45', 0, '2018-07-03 07:48:53', '2018-07-03 07:48:53', NULL, 3, 0, 0, 0, 0, 0),
(169, 38, 1259, 'Thousand Island', 1, '120.00', '2018-07-03 07:49:09', 0, '2018-07-03 07:49:09', '2018-07-03 07:49:09', NULL, 3, 0, 0, 0, 0, 0),
(170, 38, 1258, 'Chicken Salad', 1, '130.00', '2018-07-03 07:49:09', 0, '2018-07-03 07:49:10', '2018-07-03 07:49:10', NULL, 3, 0, 0, 0, 0, 0),
(171, 38, 1294, 'Four Seasons', 1, '40.00', '2018-07-03 07:49:09', 0, '2018-07-03 07:49:13', '2018-07-03 07:49:13', NULL, 3, 0, 0, 0, 0, 0),
(172, 38, 1293, 'Mango Juice', 1, '40.00', '2018-07-03 07:49:09', 0, '2018-07-03 07:49:14', '2018-07-03 07:49:14', NULL, 3, 0, 0, 0, 0, 0),
(173, 39, 1314, 'Jenga', 1, '100.00', '2018-07-03 07:49:30', 0, '2018-07-03 07:49:30', '2018-07-03 07:49:30', NULL, 3, 0, 0, 0, 0, 0),
(174, 39, 1307, 'PS4', 1, '80.00', '2018-07-03 07:49:30', 0, '2018-07-03 07:49:31', '2018-07-03 07:49:43', '2018-07-03 07:49:43', 3, 0, 0, 0, 0, 0),
(175, 39, 1318, 'Snakes and Ladders', 1, '100.00', '2018-07-03 07:49:30', 0, '2018-07-03 07:49:32', '2018-07-03 07:49:32', NULL, 3, 0, 0, 0, 0, 0),
(176, 39, 1313, 'Unlimited PS4', 1, '200.00', '2018-07-03 07:49:30', 0, '2018-07-03 07:49:32', '2018-07-03 07:49:32', NULL, 3, 0, 0, 0, 0, 0),
(177, 39, 1289, 'Pale Pilsen Bucket', 1, '330.00', '2018-07-03 07:49:30', 0, '2018-07-03 07:49:46', '2018-07-03 07:49:46', NULL, 3, 0, 0, 0, 0, 0),
(178, 39, 1264, 'Honey BBQ Wings', 1, '150.00', '2018-07-03 07:49:30', 0, '2018-07-03 07:49:48', '2018-07-03 07:49:48', NULL, 3, 0, 0, 0, 0, 0),
(179, 39, 1260, 'Onion Rings', 1, '120.00', '2018-07-03 07:49:30', 0, '2018-07-03 07:49:49', '2018-07-03 07:49:49', NULL, 3, 0, 0, 0, 0, 0),
(180, 40, 1271, 'Kaldereta Pasta', 2, '160.00', '2018-07-03 07:54:01', 0, '2018-07-03 07:54:01', '2018-07-03 14:34:27', '2018-07-03 14:34:27', 3, 0, 0, 0, 0, 0),
(181, 40, 1269, 'Carbonara', 8, '150.00', '2018-07-03 07:54:01', 0, '2018-07-03 07:54:02', '2018-07-03 14:34:27', '2018-07-03 14:34:27', 3, 0, 0, 0, 0, 0),
(182, 40, 1268, 'Plugged Burger', 2, '150.00', '2018-07-03 07:54:01', 0, '2018-07-03 07:54:03', '2018-07-03 14:34:28', '2018-07-03 14:34:28', 3, 0, 0, 0, 0, 0),
(183, 40, 1270, 'Pomodoro Pasta', 1, '150.00', '2018-07-03 07:54:01', 0, '2018-07-03 07:54:04', '2018-07-03 14:34:29', '2018-07-03 14:34:29', 3, 0, 0, 0, 0, 0),
(184, 40, 1303, 'Choco Almond Frappe', 5, '130.00', '2018-07-03 07:54:01', 0, '2018-07-03 14:34:38', '2018-07-03 14:34:40', NULL, 3, 0, 0, 0, 0, 0),
(185, 40, 1304, 'Double Chocolate Chip Frappe', 2, '130.00', '2018-07-03 07:54:01', 0, '2018-07-03 14:34:40', '2018-07-03 14:34:41', NULL, 3, 0, 0, 0, 0, 0),
(186, 40, 1307, 'PS4', 1, '80.00', '2018-07-03 07:54:01', 0, '2018-07-03 14:34:43', '2018-07-03 14:34:43', NULL, 3, 0, 0, 0, 0, 0),
(187, 41, 1275, 'Fried Chicken', 1, '160.00', '2018-07-03 14:35:07', 0, '2018-07-03 14:35:07', '2018-07-03 14:35:07', NULL, 3, 0, 0, 0, 0, 0),
(188, 41, 1276, 'Grilled Chicken Breast', 1, '160.00', '2018-07-03 14:35:07', 0, '2018-07-03 14:35:08', '2018-07-03 14:35:08', NULL, 3, 0, 0, 0, 0, 0),
(189, 41, 1278, 'Kaldereta', 1, '180.00', '2018-07-03 14:35:07', 0, '2018-07-03 14:35:09', '2018-07-03 14:35:09', NULL, 3, 0, 0, 0, 0, 0),
(190, 41, 1252, 'Beef Tapa', 1, '120.00', '2018-07-03 14:35:07', 0, '2018-07-03 14:35:10', '2018-07-03 14:35:10', NULL, 3, 0, 0, 0, 0, 0),
(191, 41, 1304, 'Double Chocolate Chip Frappe', 1, '130.00', '2018-07-03 14:35:07', 0, '2018-07-03 14:35:12', '2018-07-03 14:35:12', NULL, 3, 0, 0, 0, 0, 0),
(192, 41, 1293, 'Mango Juice', 4, '40.00', '2018-07-03 14:35:07', 0, '2018-07-03 14:35:13', '2018-07-03 14:35:15', NULL, 3, 0, 0, 0, 0, 0),
(193, 42, 1269, 'Carbonara', 1, '150.00', '2018-07-03 14:35:30', 0, '2018-07-03 14:35:30', '2018-07-03 14:35:30', NULL, 3, 0, 0, 0, 0, 0),
(194, 42, 1271, 'Kaldereta Pasta', 1, '160.00', '2018-07-03 14:35:30', 0, '2018-07-03 14:35:30', '2018-07-03 14:35:30', NULL, 3, 0, 0, 0, 0, 0),
(195, 42, 1263, 'Buffalo Wings', 1, '150.00', '2018-07-03 14:35:30', 0, '2018-07-03 14:35:33', '2018-07-03 14:35:33', NULL, 3, 0, 0, 0, 0, 0),
(196, 42, 1259, 'Thousand Island', 1, '120.00', '2018-07-03 14:35:30', 0, '2018-07-03 14:35:34', '2018-07-03 14:35:34', NULL, 3, 0, 0, 0, 0, 0),
(197, 43, 1307, 'PS4', 1, '80.00', '2018-07-03 14:37:08', 0, '2018-07-03 14:37:08', '2018-07-03 14:37:08', NULL, 3, 0, 0, 0, 0, 0),
(198, 43, 1304, 'Double Chocolate Chip Frappe', 2, '130.00', '2018-07-03 14:37:08', 0, '2018-07-03 14:37:11', '2018-07-03 14:37:13', NULL, 3, 0, 0, 0, 0, 0),
(199, 43, 1303, 'Choco Almond Frappe', 2, '130.00', '2018-07-03 14:37:08', 0, '2018-07-03 14:37:12', '2018-07-03 14:37:13', NULL, 3, 0, 0, 0, 0, 0),
(200, 44, 1310, 'Sour Cream Fries', 1, '115.00', '2018-07-03 14:37:25', 0, '2018-07-03 14:37:25', '2018-07-03 14:37:25', NULL, 3, 0, 0, 0, 0, 0),
(201, 44, 1308, 'Plain Fries', 1, '115.00', '2018-07-03 14:37:25', 0, '2018-07-03 14:37:31', '2018-07-03 14:37:31', NULL, 3, 0, 0, 0, 0, 0),
(202, 44, 1303, 'Choco Almond Frappe', 2, '130.00', '2018-07-03 14:37:25', 0, '2018-07-03 14:37:34', '2018-07-03 14:37:36', NULL, 3, 0, 0, 0, 0, 0),
(203, 45, 1276, 'Grilled Chicken Breast', 1, '160.00', '2018-07-03 14:37:52', 0, '2018-07-03 14:37:52', '2018-07-03 14:37:52', NULL, 3, 0, 0, 0, 0, 0),
(204, 45, 1278, 'Kaldereta', 1, '180.00', '2018-07-03 14:37:52', 0, '2018-07-03 14:37:53', '2018-07-03 14:37:53', NULL, 3, 0, 0, 0, 0, 0),
(205, 45, 1261, 'Plugged Chili Dynamite', 1, '140.00', '2018-07-03 14:37:52', 0, '2018-07-03 14:38:04', '2018-07-03 14:38:04', NULL, 3, 0, 0, 0, 0, 0),
(206, 45, 1294, 'Four Seasons', 2, '40.00', '2018-07-03 14:37:52', 0, '2018-07-03 14:38:07', '2018-07-03 14:38:08', NULL, 3, 0, 0, 0, 0, 0),
(207, 45, 1293, 'Mango Juice', 2, '40.00', '2018-07-03 14:37:52', 0, '2018-07-03 14:38:08', '2018-07-03 14:38:09', NULL, 3, 0, 0, 0, 0, 0),
(208, 45, 1307, 'PS4', 1, '80.00', '2018-07-03 14:37:52', 0, '2018-07-03 14:38:20', '2018-07-03 14:38:20', NULL, 3, 0, 0, 0, 0, 0),
(209, 46, 1307, 'PS4', 1, '80.00', '2018-07-03 14:39:30', 0, '2018-07-03 14:39:30', '2018-07-03 14:39:30', NULL, 3, 0, 0, 0, 0, 0),
(210, 46, 1289, 'Pale Pilsen Bucket', 1, '330.00', '2018-07-03 14:39:30', 0, '2018-07-03 14:39:33', '2018-07-03 14:39:33', NULL, 3, 0, 0, 0, 0, 0),
(211, 46, 1264, 'Honey BBQ Wings', 1, '150.00', '2018-07-03 14:39:30', 0, '2018-07-03 14:39:35', '2018-07-03 14:39:35', NULL, 3, 0, 0, 0, 0, 0),
(212, 46, 1265, 'Garlic Parmesan Wings', 1, '160.00', '2018-07-03 14:39:30', 0, '2018-07-03 14:39:36', '2018-07-03 14:39:36', NULL, 3, 0, 0, 0, 0, 0),
(213, 47, 1264, 'Honey BBQ Wings', 1, '150.00', '2018-07-03 14:39:49', 0, '2018-07-03 14:39:49', '2018-07-03 14:39:49', NULL, 3, 0, 0, 0, 0, 0),
(214, 47, 1265, 'Garlic Parmesan Wings', 1, '160.00', '2018-07-03 14:39:49', 0, '2018-07-03 14:39:50', '2018-07-03 14:39:50', NULL, 3, 0, 0, 0, 0, 0),
(215, 47, 1266, 'Chicken Poppers', 1, '160.00', '2018-07-03 14:39:49', 0, '2018-07-03 14:39:51', '2018-07-03 14:39:51', NULL, 3, 0, 0, 0, 0, 0),
(216, 47, 1307, 'PS4', 1, '80.00', '2018-07-03 14:39:49', 0, '2018-07-03 14:39:53', '2018-07-03 14:39:53', NULL, 3, 0, 0, 0, 0, 0),
(217, 47, 1274, 'Pork Sisig Rice', 1, '150.00', '2018-07-03 14:39:49', 0, '2018-07-03 14:39:55', '2018-07-03 14:39:55', NULL, 3, 0, 0, 0, 0, 0),
(218, 47, 1288, 'Red Horse Bucket', 1, '310.00', '2018-07-03 14:39:49', 0, '2018-07-03 14:39:58', '2018-07-03 14:39:58', NULL, 3, 0, 0, 0, 0, 0),
(219, 48, 1269, 'Carbonara', 1, '150.00', '2018-07-04 00:44:54', 0, '2018-07-04 00:44:54', '2018-07-04 00:44:54', NULL, 3, 0, 0, 0, 0, 0),
(220, 48, 1271, 'Kaldereta Pasta', 1, '160.00', '2018-07-04 00:44:54', 0, '2018-07-04 00:44:55', '2018-07-04 00:44:55', NULL, 3, 0, 0, 0, 0, 0),
(221, 48, 1296, 'Pineapple Blueberry Juice', 2, '45.00', '2018-07-04 00:44:54', 0, '2018-07-04 00:45:00', '2018-07-04 00:45:02', NULL, 3, 0, 0, 0, 0, 0),
(222, 49, 1307, 'PS4', 1, '80.00', '2018-07-04 00:45:21', 0, '2018-07-04 00:45:21', '2018-07-04 00:45:21', NULL, 3, 0, 0, 0, 0, 0),
(223, 49, 1308, 'Plain Fries', 1, '115.00', '2018-07-04 00:45:21', 0, '2018-07-04 00:45:23', '2018-07-04 00:45:23', NULL, 3, 0, 0, 0, 0, 0),
(224, 49, 1312, 'Cheesy Beef Fries', 1, '165.00', '2018-07-04 00:45:21', 0, '2018-07-04 00:45:23', '2018-07-04 00:45:23', NULL, 3, 0, 0, 0, 0, 0),
(225, 49, 1304, 'Double Chocolate Chip Frappe', 1, '130.00', '2018-07-04 00:45:21', 0, '2018-07-04 00:45:25', '2018-07-04 00:45:25', NULL, 3, 0, 0, 0, 0, 0),
(226, 49, 1303, 'Choco Almond Frappe', 1, '130.00', '2018-07-04 00:45:21', 0, '2018-07-04 00:45:26', '2018-07-04 00:45:26', NULL, 3, 0, 0, 0, 0, 0),
(227, 49, 1306, 'Blueberry Frappe', 1, '140.00', '2018-07-04 00:45:21', 0, '2018-07-04 00:45:31', '2018-07-04 00:45:31', NULL, 3, 0, 0, 0, 0, 0),
(228, 50, 1275, 'Fried Chicken', 1, '160.00', '2018-07-04 00:45:57', 0, '2018-07-04 00:45:57', '2018-07-04 00:46:47', '2018-07-04 00:46:47', 3, 0, 0, 0, 0, 0),
(229, 51, 1273, 'Creamy Mushroom Chicken Rice Toppings', 1, '150.00', '2018-07-04 00:46:08', 0, '2018-07-04 00:46:08', '2018-07-04 00:46:08', NULL, 3, 0, 0, 0, 0, 0),
(230, 51, 1277, 'Fish Fillet', 1, '160.00', '2018-07-04 00:46:08', 0, '2018-07-04 00:46:09', '2018-07-04 00:46:09', NULL, 3, 0, 0, 0, 0, 0),
(231, 51, 1280, 'Pork Chop', 1, '180.00', '2018-07-04 00:46:08', 0, '2018-07-04 00:46:11', '2018-07-04 00:46:11', NULL, 3, 0, 0, 0, 0, 0),
(232, 51, 1264, 'Honey BBQ Wings', 1, '150.00', '2018-07-04 00:46:08', 0, '2018-07-04 00:46:14', '2018-07-04 00:46:14', NULL, 3, 0, 0, 0, 0, 0),
(233, 51, 1301, 'Iced Tea', 4, '75.00', '2018-07-04 00:46:08', 0, '2018-07-04 00:46:17', '2018-07-04 00:46:18', NULL, 3, 0, 0, 0, 0, 0),
(234, 50, 1306, 'Blueberry Frappe', 1, '140.00', '2018-07-04 00:45:57', 0, '2018-07-04 00:46:52', '2018-07-04 00:47:00', '2018-07-04 00:47:00', 3, 0, 0, 0, 0, 0),
(235, 50, 1291, 'Bottled Water', 1, '20.00', '2018-07-04 00:45:57', 0, '2018-07-04 00:46:53', '2018-07-04 00:47:01', '2018-07-04 00:47:01', 3, 0, 0, 0, 0, 0),
(236, 52, 1268, 'Plugged Burger', 3, '150.00', '2018-07-04 00:47:13', 0, '2018-07-04 00:47:13', '2018-07-04 00:47:15', NULL, 3, 0, 0, 0, 0, 0),
(237, 52, 1269, 'Carbonara', 3, '150.00', '2018-07-04 00:47:13', 0, '2018-07-04 00:47:17', '2018-07-04 00:47:18', NULL, 3, 0, 0, 0, 0, 0),
(238, 52, 1282, 'San Mig Apple', 2, '55.00', '2018-07-04 00:47:13', 0, '2018-07-04 00:47:27', '2018-07-04 00:47:29', NULL, 3, 0, 0, 0, 0, 0),
(239, 52, 1281, 'San Mig Light', 2, '55.00', '2018-07-04 00:47:13', 0, '2018-07-04 00:47:30', '2018-07-04 00:47:31', NULL, 3, 0, 0, 0, 0, 0),
(240, 52, 1285, 'Smirnoff Mule', 2, '60.00', '2018-07-04 00:47:13', 0, '2018-07-04 00:47:33', '2018-07-04 00:47:34', NULL, 3, 0, 0, 0, 0, 0),
(241, 53, 1257, 'Bacon', 1, '120.00', '2018-07-04 00:49:57', 0, '2018-07-04 00:49:57', '2018-07-04 00:49:57', NULL, 3, 0, 0, 0, 0, 0),
(242, 53, 1253, 'Bangus', 1, '120.00', '2018-07-04 00:49:57', 0, '2018-07-04 00:49:58', '2018-07-04 00:49:58', NULL, 3, 0, 0, 0, 0, 0),
(243, 53, 1252, 'Beef Tapa', 1, '120.00', '2018-07-04 00:49:57', 0, '2018-07-04 00:50:00', '2018-07-04 00:50:00', NULL, 3, 0, 0, 0, 0, 0),
(244, 53, 1291, 'Bottled Water', 3, '20.00', '2018-07-04 00:49:57', 0, '2018-07-04 00:50:03', '2018-07-04 00:50:05', NULL, 3, 0, 0, 0, 0, 0),
(245, 54, 1255, 'Ham', 1, '90.00', '2018-07-04 00:50:21', 0, '2018-07-04 00:50:21', '2018-07-04 00:50:21', NULL, 3, 0, 0, 0, 0, 0),
(246, 54, 1254, 'Skinless Longganisa', 1, '90.00', '2018-07-04 00:50:21', 0, '2018-07-04 00:50:22', '2018-07-04 00:50:22', NULL, 3, 0, 0, 0, 0, 0),
(247, 54, 1253, 'Bangus', 1, '120.00', '2018-07-04 00:50:21', 0, '2018-07-04 00:50:23', '2018-07-04 00:50:23', NULL, 3, 0, 0, 0, 0, 0),
(248, 54, 1259, 'Thousand Island', 1, '120.00', '2018-07-04 00:50:21', 0, '2018-07-04 00:50:26', '2018-07-04 00:50:26', NULL, 3, 0, 0, 0, 0, 0),
(249, 54, 1299, 'Brewed Coffee', 2, '45.00', '2018-07-04 00:50:21', 0, '2018-07-04 00:50:29', '2018-07-04 00:50:29', NULL, 3, 0, 0, 0, 0, 0),
(250, 54, 1300, 'Hot Choco', 3, '60.00', '2018-07-04 00:50:21', 0, '2018-07-04 00:50:31', '2018-07-04 00:50:32', NULL, 3, 0, 0, 0, 0, 0),
(251, 55, 1255, 'Ham', 1, '90.00', '2018-07-04 00:50:55', 0, '2018-07-04 00:50:55', '2018-07-04 00:50:55', NULL, 3, 0, 0, 0, 0, 0),
(252, 55, 1253, 'Bangus', 1, '120.00', '2018-07-04 00:50:55', 0, '2018-07-04 00:50:57', '2018-07-04 00:50:57', NULL, 3, 0, 0, 0, 0, 0),
(253, 55, 1271, 'Kaldereta Pasta', 1, '160.00', '2018-07-04 00:50:55', 0, '2018-07-04 00:50:59', '2018-07-04 00:50:59', NULL, 3, 0, 0, 0, 0, 0),
(254, 55, 1275, 'Fried Chicken', 1, '160.00', '2018-07-04 00:50:55', 0, '2018-07-04 00:51:01', '2018-07-04 00:51:01', NULL, 3, 0, 0, 0, 0, 0),
(255, 55, 1289, 'Pale Pilsen Bucket', 1, '330.00', '2018-07-04 00:50:55', 0, '2018-07-04 00:51:07', '2018-07-04 00:51:07', NULL, 3, 0, 0, 0, 0, 0),
(256, 56, 1307, 'PS4', 1, '80.00', '2018-07-04 00:51:22', 0, '2018-07-04 00:51:22', '2018-07-04 00:51:22', NULL, 3, 0, 0, 0, 0, 0),
(257, 56, 1266, 'Chicken Poppers', 2, '160.00', '2018-07-04 00:51:22', 0, '2018-07-04 00:51:25', '2018-07-04 00:51:26', NULL, 3, 0, 0, 0, 0, 0),
(258, 56, 1262, 'Beef Nachos', 1, '150.00', '2018-07-04 00:51:22', 0, '2018-07-04 00:51:27', '2018-07-04 00:51:27', NULL, 3, 0, 0, 0, 0, 0),
(259, 56, 1269, 'Carbonara', 1, '150.00', '2018-07-04 00:51:22', 0, '2018-07-04 00:51:31', '2018-07-04 00:51:31', NULL, 3, 0, 0, 0, 0, 0),
(260, 56, 1301, 'Iced Tea', 5, '75.00', '2018-07-04 00:51:22', 0, '2018-07-04 00:51:34', '2018-07-04 00:51:36', NULL, 3, 0, 0, 0, 0, 0),
(261, 57, 1252, 'Beef Tapa', 1, '120.00', '2018-07-04 00:51:54', 0, '2018-07-04 00:51:54', '2018-07-04 00:51:54', NULL, 3, 0, 0, 0, 0, 0),
(262, 57, 1256, 'Corned Beef', 1, '120.00', '2018-07-04 00:51:54', 0, '2018-07-04 00:51:55', '2018-07-04 00:51:55', NULL, 3, 0, 0, 0, 0, 0),
(263, 57, 1255, 'Ham', 1, '90.00', '2018-07-04 00:51:54', 0, '2018-07-04 00:51:56', '2018-07-04 00:51:56', NULL, 3, 0, 0, 0, 0, 0),
(264, 57, 1254, 'Skinless Longganisa', 1, '90.00', '2018-07-04 00:51:54', 0, '2018-07-04 00:51:56', '2018-07-04 00:51:56', NULL, 3, 0, 0, 0, 0, 0),
(265, 57, 1299, 'Brewed Coffee', 2, '45.00', '2018-07-04 00:51:54', 0, '2018-07-04 00:51:58', '2018-07-04 00:51:59', NULL, 3, 0, 0, 0, 0, 0),
(266, 57, 1303, 'Choco Almond Frappe', 1, '130.00', '2018-07-04 00:51:54', 0, '2018-07-04 00:51:58', '2018-07-04 00:51:58', NULL, 3, 0, 0, 0, 0, 0),
(267, 57, 1291, 'Bottled Water', 1, '20.00', '2018-07-04 00:51:54', 0, '2018-07-04 00:51:59', '2018-07-04 00:51:59', NULL, 3, 0, 0, 0, 0, 0),
(268, 58, 1258, 'Chicken Salad', 1, '130.00', '2018-07-04 00:53:17', 0, '2018-07-04 00:53:17', '2018-07-04 00:53:17', NULL, 3, 0, 0, 0, 0, 0),
(269, 58, 1259, 'Thousand Island', 1, '120.00', '2018-07-04 00:53:17', 0, '2018-07-04 00:53:20', '2018-07-04 00:53:20', NULL, 3, 0, 0, 0, 0, 0),
(270, 58, 1291, 'Bottled Water', 2, '20.00', '2018-07-04 00:53:17', 0, '2018-07-04 00:53:21', '2018-07-04 00:53:22', NULL, 3, 0, 0, 0, 0, 0),
(271, 59, 1275, 'Fried Chicken', 1, '160.00', '2018-07-04 00:53:57', 0, '2018-07-04 00:53:57', '2018-07-04 00:53:57', NULL, 3, 0, 0, 0, 0, 0),
(272, 59, 1273, 'Creamy Mushroom Chicken Rice Toppings', 1, '150.00', '2018-07-04 00:53:57', 0, '2018-07-04 00:53:59', '2018-07-04 00:53:59', NULL, 3, 0, 0, 0, 0, 0),
(273, 59, 1276, 'Grilled Chicken Breast', 1, '160.00', '2018-07-04 00:53:57', 0, '2018-07-04 00:53:59', '2018-07-04 00:53:59', NULL, 3, 0, 0, 0, 0, 0),
(274, 59, 1278, 'Kaldereta', 1, '180.00', '2018-07-04 00:53:57', 0, '2018-07-04 00:54:01', '2018-07-04 00:54:01', NULL, 3, 0, 0, 0, 0, 0),
(275, 59, 1293, 'Mango Juice', 1, '40.00', '2018-07-04 00:53:57', 0, '2018-07-04 00:54:04', '2018-07-04 00:54:04', NULL, 3, 0, 0, 0, 0, 0),
(276, 59, 1284, 'Pale Pilsen', 1, '60.00', '2018-07-04 00:53:57', 0, '2018-07-04 00:54:06', '2018-07-04 00:54:06', NULL, 3, 0, 0, 0, 0, 0),
(277, 59, 1295, 'Pineapple Juice', 3, '40.00', '2018-07-04 00:53:57', 0, '2018-07-04 00:54:07', '2018-07-04 00:54:08', NULL, 3, 0, 0, 0, 0, 0),
(278, 50, 1310, 'Sour Cream Fries', 1, '115.00', '2018-07-04 00:45:57', 0, '2018-07-04 00:54:27', '2018-07-04 00:54:27', NULL, 3, 0, 0, 0, 0, 0),
(279, 50, 1309, 'BBQ Fries', 1, '115.00', '2018-07-04 00:45:57', 0, '2018-07-04 00:54:29', '2018-07-04 00:54:29', NULL, 3, 0, 0, 0, 0, 0),
(280, 50, 1311, 'Cheese Fries', 1, '115.00', '2018-07-04 00:45:57', 0, '2018-07-04 00:54:30', '2018-07-04 00:54:30', NULL, 3, 0, 0, 0, 0, 0),
(281, 50, 1312, 'Cheesy Beef Fries', 1, '165.00', '2018-07-04 00:45:57', 0, '2018-07-04 00:54:31', '2018-07-04 00:54:31', NULL, 3, 0, 0, 0, 0, 0),
(282, 50, 1313, 'Unlimited PS4', 1, '200.00', '2018-07-04 00:45:57', 0, '2018-07-04 00:54:33', '2018-07-04 00:54:33', NULL, 3, 0, 0, 0, 0, 0),
(283, 50, 1303, 'Choco Almond Frappe', 2, '130.00', '2018-07-04 00:45:57', 0, '2018-07-04 00:54:36', '2018-07-04 00:54:38', NULL, 3, 0, 0, 0, 0, 0),
(284, 50, 1304, 'Double Chocolate Chip Frappe', 2, '130.00', '2018-07-04 00:45:57', 0, '2018-07-04 00:54:37', '2018-07-04 00:54:38', NULL, 3, 0, 0, 0, 0, 0),
(285, 50, 1305, 'Oreo Goodness Frappe', 1, '130.00', '2018-07-04 00:45:57', 0, '2018-07-04 00:54:43', '2018-07-04 00:54:43', NULL, 3, 0, 0, 0, 0, 0),
(286, 60, 1269, 'Carbonara', 3, '150.00', '2018-07-04 00:55:09', 0, '2018-07-04 00:55:09', '2018-07-04 00:55:12', NULL, 3, 0, 0, 0, 0, 0),
(287, 60, 1268, 'Plugged Burger', 1, '150.00', '2018-07-04 00:55:09', 0, '2018-07-04 00:55:10', '2018-07-04 00:55:10', NULL, 3, 0, 0, 0, 0, 0),
(288, 60, 1303, 'Choco Almond Frappe', 2, '130.00', '2018-07-04 00:55:09', 0, '2018-07-04 00:55:14', '2018-07-04 00:55:15', NULL, 3, 0, 0, 0, 0, 0),
(289, 60, 1260, 'Onion Rings', 1, '120.00', '2018-07-04 00:55:09', 0, '2018-07-04 00:55:27', '2018-07-04 00:55:27', NULL, 3, 0, 0, 0, 0, 0),
(290, 60, 1261, 'Plugged Chili Dynamite', 1, '140.00', '2018-07-04 00:55:09', 0, '2018-07-04 00:55:29', '2018-07-04 00:55:29', NULL, 3, 0, 0, 0, 0, 0),
(291, 61, 1276, 'Grilled Chicken Breast', 1, '160.00', '2018-07-04 01:03:03', 0, '2018-07-04 01:03:03', '2018-07-04 01:03:03', NULL, 3, 0, 0, 0, 0, 0),
(292, 61, 1277, 'Fish Fillet', 1, '160.00', '2018-07-04 01:03:03', 0, '2018-07-04 01:03:05', '2018-07-04 01:03:05', NULL, 3, 0, 0, 0, 0, 0),
(293, 61, 1273, 'Creamy Mushroom Chicken Rice Toppings', 1, '150.00', '2018-07-04 01:03:03', 0, '2018-07-04 01:03:06', '2018-07-04 01:03:06', NULL, 3, 0, 0, 0, 0, 0),
(294, 61, 1274, 'Pork Sisig Rice', 3, '150.00', '2018-07-04 01:03:03', 0, '2018-07-04 01:03:09', '2018-07-04 01:03:11', NULL, 3, 0, 0, 0, 0, 0),
(295, 61, 1301, 'Iced Tea', 4, '75.00', '2018-07-04 01:03:03', 0, '2018-07-04 01:03:14', '2018-07-04 01:03:16', NULL, 3, 0, 0, 0, 0, 0),
(296, 61, 1293, 'Mango Juice', 2, '40.00', '2018-07-04 01:03:03', 0, '2018-07-04 01:03:15', '2018-07-04 01:03:16', NULL, 3, 0, 0, 0, 0, 0),
(297, 62, 1313, 'Unlimited PS4', 1, '200.00', '2018-07-04 01:07:37', 0, '2018-07-04 01:07:37', '2018-07-04 01:07:37', NULL, 3, 0, 0, 0, 0, 0),
(298, 62, 1308, 'Plain Fries', 2, '115.00', '2018-07-04 01:07:37', 0, '2018-07-04 01:07:40', '2018-07-04 01:07:40', NULL, 3, 0, 0, 0, 0, 0),
(299, 62, 1312, 'Cheesy Beef Fries', 2, '165.00', '2018-07-04 01:07:37', 0, '2018-07-04 01:07:41', '2018-07-04 01:07:41', NULL, 3, 0, 0, 0, 0, 0),
(300, 62, 1311, 'Cheese Fries', 2, '115.00', '2018-07-04 01:07:37', 0, '2018-07-04 01:07:42', '2018-07-04 01:07:42', NULL, 3, 0, 0, 0, 0, 0),
(301, 62, 1309, 'BBQ Fries', 1, '115.00', '2018-07-04 01:07:37', 0, '2018-07-04 01:07:42', '2018-07-04 01:07:42', NULL, 3, 0, 0, 0, 0, 0),
(302, 62, 1264, 'Honey BBQ Wings', 2, '150.00', '2018-07-04 01:07:37', 0, '2018-07-04 01:07:46', '2018-07-04 01:07:47', NULL, 3, 0, 0, 0, 0, 0),
(303, 62, 1301, 'Iced Tea', 3, '75.00', '2018-07-04 01:07:37', 0, '2018-07-04 01:07:50', '2018-07-04 01:07:51', NULL, 3, 0, 0, 0, 0, 0),
(304, 62, 1293, 'Mango Juice', 4, '40.00', '2018-07-04 01:07:37', 0, '2018-07-04 01:07:51', '2018-07-04 01:07:53', NULL, 3, 0, 0, 0, 0, 0),
(305, 64, 1275, 'Fried Chicken', 1, '160.00', '2018-07-04 01:09:03', 0, '2018-07-04 01:09:03', '2018-07-04 01:09:23', NULL, 3, 0, 0, 0, 0, 0),
(306, 64, 1277, 'Fish Fillet', 1, '160.00', '2018-07-04 01:09:03', 0, '2018-07-04 01:09:04', '2018-07-04 01:09:23', NULL, 3, 0, 0, 0, 0, 0),
(307, 64, 1263, 'Buffalo Wings', 1, '150.00', '2018-07-04 01:09:03', 0, '2018-07-04 01:09:10', '2018-07-04 01:09:23', NULL, 3, 0, 0, 0, 0, 0),
(308, 64, 1312, 'Cheesy Beef Fries', 1, '165.00', '2018-07-04 01:09:03', 0, '2018-07-04 01:09:14', '2018-07-04 01:09:23', NULL, 3, 0, 0, 0, 0, 0),
(309, 64, 1313, 'Unlimited PS4', 1, '200.00', '2018-07-04 01:09:23', 0, '2018-07-04 01:09:27', '2018-07-04 01:09:27', NULL, 3, 0, 0, 0, 0, 0),
(310, 65, 1315, 'Chess', 1, '100.00', '2018-07-04 01:09:54', 0, '2018-07-04 01:09:54', '2018-07-04 01:10:12', '2018-07-04 01:10:12', 3, 0, 0, 0, 0, 0),
(311, 65, 1275, 'Fried Chicken', 1, '160.00', '2018-07-04 01:09:54', 0, '2018-07-04 01:09:57', '2018-07-04 01:10:08', '2018-07-04 01:10:08', 3, 0, 0, 0, 0, 0),
(312, 65, 1277, 'Fish Fillet', 1, '160.00', '2018-07-04 01:09:54', 0, '2018-07-04 01:09:58', '2018-07-04 01:09:58', NULL, 3, 0, 0, 0, 0, 0),
(313, 65, 1273, 'Creamy Mushroom Chicken Rice Toppings', 1, '150.00', '2018-07-04 01:09:54', 0, '2018-07-04 01:10:01', '2018-07-04 01:10:01', NULL, 3, 0, 0, 0, 0, 0),
(314, 65, 1271, 'Kaldereta Pasta', 1, '160.00', '2018-07-04 01:09:54', 0, '2018-07-04 01:10:14', '2018-07-04 01:10:14', NULL, 3, 0, 0, 0, 0, 0),
(315, 65, 1299, 'Brewed Coffee', 1, '45.00', '2018-07-04 01:09:54', 0, '2018-07-04 01:10:18', '2018-07-04 01:10:18', NULL, 3, 0, 0, 0, 0, 0),
(316, 65, 1301, 'Iced Tea', 2, '75.00', '2018-07-04 01:09:54', 0, '2018-07-04 01:10:22', '2018-07-04 01:10:23', NULL, 3, 0, 0, 0, 0, 0),
(317, 65, 1293, 'Mango Juice', 1, '40.00', '2018-07-04 01:09:54', 0, '2018-07-04 01:10:23', '2018-07-04 01:10:23', NULL, 3, 0, 0, 0, 0, 0),
(318, 66, 1277, 'Fish Fillet', 1, '160.00', '2018-07-04 01:10:44', 0, '2018-07-04 01:10:44', '2018-07-04 01:10:44', NULL, 3, 0, 0, 0, 0, 0),
(319, 66, 1273, 'Creamy Mushroom Chicken Rice Toppings', 1, '150.00', '2018-07-04 01:10:44', 0, '2018-07-04 01:10:45', '2018-07-04 01:10:45', NULL, 3, 0, 0, 0, 0, 0),
(320, 66, 1280, 'Pork Chop', 1, '180.00', '2018-07-04 01:10:44', 0, '2018-07-04 01:10:47', '2018-07-04 01:10:47', NULL, 3, 0, 0, 0, 0, 0),
(321, 66, 1274, 'Pork Sisig Rice', 1, '150.00', '2018-07-04 01:10:44', 0, '2018-07-04 01:10:48', '2018-07-04 01:10:48', NULL, 3, 0, 0, 0, 0, 0),
(322, 66, 1278, 'Kaldereta', 1, '180.00', '2018-07-04 01:10:44', 0, '2018-07-04 01:10:50', '2018-07-04 01:10:50', NULL, 3, 0, 0, 0, 0, 0),
(323, 66, 1293, 'Mango Juice', 3, '40.00', '2018-07-04 01:10:44', 0, '2018-07-04 01:10:53', '2018-07-04 01:10:57', NULL, 3, 0, 0, 0, 0, 0),
(324, 66, 1301, 'Iced Tea', 3, '75.00', '2018-07-04 01:10:44', 0, '2018-07-04 01:10:54', '2018-07-04 01:10:56', NULL, 3, 0, 0, 0, 0, 0),
(325, 66, 1259, 'Thousand Island', 1, '120.00', '2018-07-04 01:10:44', 0, '2018-07-04 01:10:59', '2018-07-04 01:10:59', NULL, 3, 0, 0, 0, 0, 0),
(326, 67, 1273, 'Creamy Mushroom Chicken Rice Toppings', 1, '150.00', '2018-07-04 01:11:16', 0, '2018-07-04 01:11:16', '2018-07-04 01:11:16', NULL, 3, 0, 0, 0, 0, 0),
(327, 67, 1277, 'Fish Fillet', 1, '160.00', '2018-07-04 01:11:16', 0, '2018-07-04 01:11:16', '2018-07-04 01:11:16', NULL, 3, 0, 0, 0, 0, 0),
(328, 67, 1279, 'Plugged Schnitzel', 1, '180.00', '2018-07-04 01:11:16', 0, '2018-07-04 01:11:18', '2018-07-04 01:11:18', NULL, 3, 0, 0, 0, 0, 0),
(329, 67, 1276, 'Grilled Chicken Breast', 1, '160.00', '2018-07-04 01:11:16', 0, '2018-07-04 01:11:20', '2018-07-04 01:11:20', NULL, 3, 0, 0, 0, 0, 0),
(330, 67, 1295, 'Pineapple Juice', 1, '40.00', '2018-07-04 01:11:16', 0, '2018-07-04 01:11:24', '2018-07-04 01:11:24', NULL, 3, 0, 0, 0, 0, 0),
(331, 67, 1297, 'Pineapple Strawberry Juice', 2, '45.00', '2018-07-04 01:11:16', 0, '2018-07-04 01:11:25', '2018-07-04 01:11:26', NULL, 3, 0, 0, 0, 0, 0),
(332, 67, 1282, 'San Mig Apple', 1, '55.00', '2018-07-04 01:11:16', 0, '2018-07-04 01:11:28', '2018-07-04 01:11:28', NULL, 3, 0, 0, 0, 0, 0),
(333, 69, 1271, 'Kaldereta Pasta', 1, '160.00', '2018-07-04 01:12:59', 0, '2018-07-04 01:12:59', '2018-07-04 01:13:10', NULL, 3, 0, 0, 0, 0, 0),
(334, 69, 1269, 'Carbonara', 1, '150.00', '2018-07-04 01:12:59', 0, '2018-07-04 01:13:00', '2018-07-04 01:13:10', NULL, 3, 0, 0, 0, 0, 0),
(335, 69, 1307, 'PS4', 1, '80.00', '2018-07-04 01:13:10', 0, '2018-07-04 01:13:14', '2018-07-04 01:13:14', NULL, 3, 0, 0, 0, 0, 0),
(336, 69, 1294, 'Four Seasons', 1, '40.00', '2018-07-04 01:13:10', 0, '2018-07-04 01:13:18', '2018-07-04 01:13:18', NULL, 3, 0, 0, 0, 0, 0),
(337, 69, 1293, 'Mango Juice', 1, '40.00', '2018-07-04 01:13:10', 0, '2018-07-04 01:13:20', '2018-07-04 01:13:20', NULL, 3, 0, 0, 0, 0, 0),
(338, 69, 1298, 'Pineapple Orange Juice', 1, '45.00', '2018-07-04 01:13:10', 0, '2018-07-04 01:13:22', '2018-07-04 01:13:22', NULL, 3, 0, 0, 0, 0, 0),
(339, 69, 1296, 'Pineapple Blueberry Juice', 1, '45.00', '2018-07-04 01:13:10', 0, '2018-07-04 01:13:23', '2018-07-04 01:13:23', NULL, 3, 0, 0, 0, 0, 0),
(340, 69, 1297, 'Pineapple Strawberry Juice', 1, '45.00', '2018-07-04 01:13:10', 0, '2018-07-04 01:13:25', '2018-07-04 01:13:25', NULL, 3, 0, 0, 0, 0, 0),
(341, 70, 1275, 'Fried Chicken', 1, '160.00', '2018-07-04 01:13:46', 0, '2018-07-04 01:13:46', '2018-07-04 01:13:46', NULL, 3, 0, 0, 0, 0, 0),
(342, 70, 1276, 'Grilled Chicken Breast', 1, '160.00', '2018-07-04 01:13:46', 0, '2018-07-04 01:13:47', '2018-07-04 01:13:47', NULL, 3, 0, 0, 0, 0, 0),
(343, 70, 1278, 'Kaldereta', 1, '180.00', '2018-07-04 01:13:46', 0, '2018-07-04 01:13:47', '2018-07-04 01:13:47', NULL, 3, 0, 0, 0, 0, 0),
(344, 70, 1277, 'Fish Fillet', 1, '160.00', '2018-07-04 01:13:46', 0, '2018-07-04 01:13:48', '2018-07-04 01:13:48', NULL, 3, 0, 0, 0, 0, 0),
(345, 70, 1294, 'Four Seasons', 1, '40.00', '2018-07-04 01:13:46', 0, '2018-07-04 01:13:50', '2018-07-04 01:13:50', NULL, 3, 0, 0, 0, 0, 0),
(346, 70, 1293, 'Mango Juice', 5, '40.00', '2018-07-04 01:13:46', 0, '2018-07-04 01:13:51', '2018-07-04 01:14:05', NULL, 3, 0, 0, 0, 0, 0),
(347, 70, 1301, 'Iced Tea', 1, '75.00', '2018-07-04 01:13:46', 0, '2018-07-04 01:13:52', '2018-07-04 01:13:52', NULL, 3, 0, 0, 0, 0, 0),
(348, 70, 1265, 'Garlic Parmesan Wings', 1, '160.00', '2018-07-04 01:13:46', 0, '2018-07-04 01:13:53', '2018-07-04 01:13:53', NULL, 3, 0, 0, 0, 0, 0);
INSERT INTO `order_details` (`id`, `order_id`, `product_id`, `description`, `quantity`, `price`, `ordered_date`, `discount`, `created_at`, `updated_at`, `deleted_at`, `user_id`, `Srv`, `Owner`, `PWD`, `Senior`, `Pax`) VALUES
(349, 70, 1252, 'Beef Tapa', 1, '120.00', '2018-07-04 01:13:46', 0, '2018-07-04 01:13:55', '2018-07-04 01:13:55', NULL, 3, 0, 0, 0, 0, 0),
(350, 72, 1257, 'Bacon', 1, '120.00', '2018-07-04 01:14:38', 0, '2018-07-04 01:14:38', '2018-07-04 01:14:53', NULL, 3, 0, 0, 0, 0, 0),
(351, 72, 1252, 'Beef Tapa', 1, '120.00', '2018-07-04 01:14:38', 0, '2018-07-04 01:14:39', '2018-07-04 01:14:53', NULL, 3, 0, 0, 0, 0, 0),
(352, 72, 1268, 'Plugged Burger', 2, '150.00', '2018-07-04 01:14:38', 0, '2018-07-04 01:14:41', '2018-07-04 01:14:53', NULL, 3, 0, 0, 0, 0, 0),
(353, 72, 1276, 'Grilled Chicken Breast', 1, '160.00', '2018-07-04 01:14:38', 0, '2018-07-04 01:14:42', '2018-07-04 01:14:53', NULL, 3, 0, 0, 0, 0, 0),
(354, 72, 1278, 'Kaldereta', 1, '180.00', '2018-07-04 01:14:38', 0, '2018-07-04 01:14:43', '2018-07-04 01:14:53', NULL, 3, 0, 0, 0, 0, 0),
(355, 72, 1304, 'Double Chocolate Chip Frappe', 1, '130.00', '2018-07-04 01:14:38', 0, '2018-07-04 01:14:44', '2018-07-04 01:14:53', NULL, 3, 0, 0, 0, 0, 0),
(356, 72, 1303, 'Choco Almond Frappe', 3, '130.00', '2018-07-04 01:14:38', 0, '2018-07-04 01:14:45', '2018-07-04 01:14:53', NULL, 3, 0, 0, 0, 0, 0),
(357, 73, 1269, 'Carbonara', 1, '150.00', '2018-07-04 01:15:38', 0, '2018-07-04 01:15:38', '2018-07-04 01:15:38', NULL, 3, 0, 0, 0, 0, 0),
(358, 73, 1271, 'Kaldereta Pasta', 1, '160.00', '2018-07-04 01:15:38', 0, '2018-07-04 01:15:39', '2018-07-04 01:15:39', NULL, 3, 0, 0, 0, 0, 0),
(359, 73, 1291, 'Bottled Water', 2, '20.00', '2018-07-04 01:15:38', 0, '2018-07-04 01:15:41', '2018-07-04 01:15:42', NULL, 3, 0, 0, 0, 0, 0),
(360, 74, 1268, 'Plugged Burger', 1, '150.00', '2018-07-04 01:15:58', 0, '2018-07-04 01:15:58', '2018-07-04 01:15:58', NULL, 3, 0, 0, 0, 0, 0),
(361, 74, 1309, 'BBQ Fries', 1, '115.00', '2018-07-04 01:15:58', 0, '2018-07-04 01:16:01', '2018-07-04 01:16:01', NULL, 3, 0, 0, 0, 0, 0),
(362, 74, 1306, 'Blueberry Frappe', 1, '140.00', '2018-07-04 01:15:58', 0, '2018-07-04 01:16:05', '2018-07-04 01:16:05', NULL, 3, 0, 0, 0, 0, 0),
(363, 75, 1266, 'Chicken Poppers', 1, '160.00', '2018-07-04 01:16:26', 0, '2018-07-04 01:16:26', '2018-07-04 01:16:26', NULL, 3, 0, 0, 0, 0, 0),
(364, 75, 1262, 'Beef Nachos', 1, '150.00', '2018-07-04 01:16:26', 0, '2018-07-04 01:16:28', '2018-07-04 01:16:28', NULL, 3, 0, 0, 0, 0, 0),
(365, 75, 1285, 'Smirnoff Mule', 1, '60.00', '2018-07-04 01:16:26', 0, '2018-07-04 01:16:32', '2018-07-04 01:16:32', NULL, 3, 0, 0, 0, 0, 0),
(366, 75, 1281, 'San Mig Light', 1, '55.00', '2018-07-04 01:16:26', 0, '2018-07-04 01:16:34', '2018-07-04 01:16:34', NULL, 3, 0, 0, 0, 0, 0),
(367, 75, 1311, 'Cheese Fries', 1, '115.00', '2018-07-04 01:16:26', 0, '2018-07-04 01:16:40', '2018-07-04 01:16:40', NULL, 3, 0, 0, 0, 0, 0),
(368, 77, 1309, 'BBQ Fries', 1, '115.00', '2018-07-04 01:17:18', 0, '2018-07-04 01:17:18', '2018-07-04 01:17:28', NULL, 3, 0, 0, 0, 0, 0),
(369, 77, 1311, 'Cheese Fries', 1, '115.00', '2018-07-04 01:17:18', 0, '2018-07-04 01:17:20', '2018-07-04 01:17:28', NULL, 3, 0, 0, 0, 0, 0),
(370, 77, 1307, 'PS4', 1, '80.00', '2018-07-04 01:17:28', 0, '2018-07-04 01:17:31', '2018-07-04 01:17:31', NULL, 3, 0, 0, 0, 0, 0),
(371, 77, 1303, 'Choco Almond Frappe', 2, '130.00', '2018-07-04 01:17:28', 0, '2018-07-04 01:17:36', '2018-07-04 01:17:38', NULL, 3, 0, 0, 0, 0, 0),
(372, 78, 1259, 'Thousand Island', 2, '120.00', '2018-07-04 01:18:26', 0, '2018-07-04 01:18:26', '2018-07-04 01:18:27', NULL, 3, 0, 0, 0, 0, 0),
(373, 78, 1299, 'Brewed Coffee', 2, '45.00', '2018-07-04 01:18:26', 0, '2018-07-04 01:18:29', '2018-07-04 01:18:31', NULL, 3, 0, 0, 0, 0, 0),
(374, 79, 1268, 'Plugged Burger', 1, '150.00', '2018-07-04 01:18:58', 0, '2018-07-04 01:18:58', '2018-07-04 01:18:58', NULL, 3, 0, 0, 0, 0, 0),
(375, 79, 1304, 'Double Chocolate Chip Frappe', 1, '130.00', '2018-07-04 01:18:58', 0, '2018-07-04 01:19:01', '2018-07-04 01:19:01', NULL, 3, 0, 0, 0, 0, 0),
(376, 80, 1312, 'Cheesy Beef Fries', 1, '165.00', '2018-07-04 01:19:14', 0, '2018-07-04 01:19:14', '2018-07-04 01:19:14', NULL, 3, 0, 0, 0, 0, 0),
(377, 80, 1313, 'Unlimited PS4', 1, '200.00', '2018-07-04 01:19:14', 0, '2018-07-04 01:19:17', '2018-07-04 01:19:17', NULL, 3, 0, 0, 0, 0, 0),
(378, 80, 1303, 'Choco Almond Frappe', 1, '130.00', '2018-07-04 01:19:14', 0, '2018-07-04 01:19:20', '2018-07-04 01:19:20', NULL, 3, 0, 0, 0, 0, 0),
(379, 80, 1304, 'Double Chocolate Chip Frappe', 1, '130.00', '2018-07-04 01:19:14', 0, '2018-07-04 01:19:23', '2018-07-04 01:19:23', NULL, 3, 0, 0, 0, 0, 0),
(380, 80, 1260, 'Onion Rings', 1, '120.00', '2018-07-04 01:19:14', 0, '2018-07-04 01:19:27', '2018-07-04 01:19:27', NULL, 3, 0, 0, 0, 0, 0),
(381, 80, 1261, 'Plugged Chili Dynamite', 1, '140.00', '2018-07-04 01:19:14', 0, '2018-07-04 01:19:27', '2018-07-04 01:19:27', NULL, 3, 0, 0, 0, 0, 0),
(382, 81, 1275, 'Fried Chicken', 1, '160.00', '2018-07-04 01:19:46', 0, '2018-07-04 01:19:46', '2018-07-04 01:19:46', NULL, 3, 0, 0, 0, 0, 0),
(383, 81, 1277, 'Fish Fillet', 1, '160.00', '2018-07-04 01:19:46', 0, '2018-07-04 01:19:47', '2018-07-04 01:19:47', NULL, 3, 0, 0, 0, 0, 0),
(384, 81, 1279, 'Plugged Schnitzel', 1, '180.00', '2018-07-04 01:19:46', 0, '2018-07-04 01:19:48', '2018-07-04 01:19:48', NULL, 3, 0, 0, 0, 0, 0),
(385, 81, 1293, 'Mango Juice', 2, '40.00', '2018-07-04 01:19:46', 0, '2018-07-04 01:19:55', '2018-07-04 01:19:57', NULL, 3, 0, 0, 0, 0, 0),
(386, 81, 1301, 'Iced Tea', 1, '75.00', '2018-07-04 01:19:46', 0, '2018-07-04 01:19:56', '2018-07-04 01:19:56', NULL, 3, 0, 0, 0, 0, 0),
(387, 82, 1256, 'Corned Beef', 2, '120.00', '2018-07-04 01:20:12', 0, '2018-07-04 01:20:12', '2018-07-04 01:20:13', NULL, 3, 0, 0, 0, 0, 0),
(388, 82, 1303, 'Choco Almond Frappe', 1, '130.00', '2018-07-04 01:20:12', 0, '2018-07-04 01:20:16', '2018-07-04 01:20:16', NULL, 3, 0, 0, 0, 0, 0),
(389, 82, 1294, 'Four Seasons', 1, '40.00', '2018-07-04 01:20:12', 0, '2018-07-04 01:20:16', '2018-07-04 01:20:16', NULL, 3, 0, 0, 0, 0, 0),
(390, 82, 1310, 'Sour Cream Fries', 1, '115.00', '2018-07-04 01:20:12', 0, '2018-07-04 01:20:22', '2018-07-04 01:20:22', NULL, 3, 0, 0, 0, 0, 0),
(391, 83, 1257, 'Bacon', 1, '120.00', '2018-07-04 01:20:36', 0, '2018-07-04 01:20:36', '2018-07-04 01:20:36', NULL, 3, 0, 0, 0, 0, 0),
(392, 83, 1253, 'Bangus', 1, '120.00', '2018-07-04 01:20:36', 0, '2018-07-04 01:20:38', '2018-07-04 01:20:38', NULL, 3, 0, 0, 0, 0, 0),
(393, 83, 1299, 'Brewed Coffee', 1, '45.00', '2018-07-04 01:20:36', 0, '2018-07-04 01:20:40', '2018-07-04 01:20:40', NULL, 3, 0, 0, 0, 0, 0),
(394, 83, 1294, 'Four Seasons', 1, '40.00', '2018-07-04 01:20:36', 0, '2018-07-04 01:20:42', '2018-07-04 01:20:42', NULL, 3, 0, 0, 0, 0, 0),
(395, 84, 1307, 'PS4', 1, '80.00', '2018-07-04 01:20:56', 0, '2018-07-04 01:20:56', '2018-07-04 01:20:56', NULL, 3, 0, 0, 0, 0, 0),
(396, 84, 1312, 'Cheesy Beef Fries', 1, '165.00', '2018-07-04 01:20:56', 0, '2018-07-04 01:20:58', '2018-07-04 01:20:58', NULL, 3, 0, 0, 0, 0, 0),
(397, 84, 1274, 'Pork Sisig Rice', 1, '150.00', '2018-07-04 01:20:56', 0, '2018-07-04 01:21:02', '2018-07-04 01:21:02', NULL, 3, 0, 0, 0, 0, 0),
(398, 84, 1271, 'Kaldereta Pasta', 1, '160.00', '2018-07-04 01:20:56', 0, '2018-07-04 01:21:04', '2018-07-04 01:21:04', NULL, 3, 0, 0, 0, 0, 0),
(399, 84, 1268, 'Plugged Burger', 1, '150.00', '2018-07-04 01:20:56', 0, '2018-07-04 01:21:04', '2018-07-04 01:21:04', NULL, 3, 0, 0, 0, 0, 0),
(400, 84, 1289, 'Pale Pilsen Bucket', 1, '330.00', '2018-07-04 01:20:56', 0, '2018-07-04 01:21:07', '2018-07-04 01:21:07', NULL, 3, 0, 0, 0, 0, 0),
(401, 85, 1273, 'Creamy Mushroom Chicken Rice Toppings', 1, '150.00', '2018-07-04 01:21:28', 0, '2018-07-04 01:21:28', '2018-07-04 01:21:28', NULL, 3, 0, 0, 0, 0, 0),
(402, 85, 1310, 'Sour Cream Fries', 1, '115.00', '2018-07-04 01:21:28', 0, '2018-07-04 01:21:30', '2018-07-04 01:21:30', NULL, 3, 0, 0, 0, 0, 0),
(403, 85, 1264, 'Honey BBQ Wings', 1, '150.00', '2018-07-04 01:21:28', 0, '2018-07-04 01:21:31', '2018-07-04 01:21:31', NULL, 3, 0, 0, 0, 0, 0),
(404, 85, 1303, 'Choco Almond Frappe', 1, '130.00', '2018-07-04 01:21:28', 0, '2018-07-04 01:21:34', '2018-07-04 01:21:34', NULL, 3, 0, 0, 0, 0, 0),
(405, 85, 1304, 'Double Chocolate Chip Frappe', 1, '130.00', '2018-07-04 01:21:28', 0, '2018-07-04 01:21:35', '2018-07-04 01:21:35', NULL, 3, 0, 0, 0, 0, 0),
(406, 85, 1301, 'Iced Tea', 2, '75.00', '2018-07-04 01:21:28', 0, '2018-07-04 01:21:37', '2018-07-04 01:21:37', NULL, 3, 0, 0, 0, 0, 0),
(407, 85, 1293, 'Mango Juice', 1, '40.00', '2018-07-04 01:21:28', 0, '2018-07-04 01:21:38', '2018-07-04 01:21:38', NULL, 3, 0, 0, 0, 0, 0),
(408, 86, 1277, 'Fish Fillet', 1, '160.00', '2018-07-04 01:22:46', 0, '2018-07-04 01:22:46', '2018-07-04 01:22:46', NULL, 3, 0, 0, 0, 0, 0),
(409, 86, 1275, 'Fried Chicken', 1, '160.00', '2018-07-04 01:22:46', 0, '2018-07-04 01:22:47', '2018-07-04 01:22:47', NULL, 3, 0, 0, 0, 0, 0),
(410, 86, 1308, 'Plain Fries', 1, '115.00', '2018-07-04 01:22:46', 0, '2018-07-04 01:22:49', '2018-07-04 01:22:49', NULL, 3, 0, 0, 0, 0, 0),
(411, 86, 1264, 'Honey BBQ Wings', 1, '150.00', '2018-07-04 01:22:46', 0, '2018-07-04 01:22:52', '2018-07-04 01:22:52', NULL, 3, 0, 0, 0, 0, 0),
(412, 86, 1267, 'Sizzling Liempo', 1, '180.00', '2018-07-04 01:22:46', 0, '2018-07-04 01:22:53', '2018-07-04 01:22:53', NULL, 3, 0, 0, 0, 0, 0),
(413, 86, 1290, 'Smirnoff Mule Bucket', 1, '330.00', '2018-07-04 01:22:46', 0, '2018-07-04 01:23:02', '2018-07-04 01:23:02', NULL, 3, 0, 0, 0, 0, 0),
(414, 86, 1292, 'Soft Drinks', 1, '35.00', '2018-07-04 01:22:46', 0, '2018-07-04 01:23:03', '2018-07-04 01:23:03', NULL, 3, 0, 0, 0, 0, 0),
(415, 87, 1307, 'PS4', 13, '80.00', '2018-07-04 01:23:20', 0, '2018-07-04 01:23:20', '2018-07-04 01:23:32', NULL, 3, 0, 0, 0, 0, 0),
(416, 87, 1275, 'Fried Chicken', 1, '160.00', '2018-07-04 01:23:20', 0, '2018-07-04 01:23:34', '2018-07-04 01:23:34', NULL, 3, 0, 0, 0, 0, 0),
(417, 87, 1261, 'Plugged Chili Dynamite', 1, '140.00', '2018-07-04 01:23:20', 0, '2018-07-04 01:23:38', '2018-07-04 01:23:38', NULL, 3, 0, 0, 0, 0, 0),
(418, 87, 1267, 'Sizzling Liempo', 1, '180.00', '2018-07-04 01:23:20', 0, '2018-07-04 01:23:38', '2018-07-04 01:23:38', NULL, 3, 0, 0, 0, 0, 0),
(419, 87, 1304, 'Double Chocolate Chip Frappe', 1, '130.00', '2018-07-04 01:23:20', 0, '2018-07-04 01:23:41', '2018-07-04 01:23:41', NULL, 3, 0, 0, 0, 0, 0),
(420, 87, 1303, 'Choco Almond Frappe', 1, '130.00', '2018-07-04 01:23:20', 0, '2018-07-04 01:23:41', '2018-07-04 01:23:41', NULL, 3, 0, 0, 0, 0, 0),
(421, 88, 1255, 'Ham', 1, '90.00', '2018-07-04 01:24:10', 0, '2018-07-04 01:24:10', '2018-07-04 01:24:10', NULL, 3, 0, 0, 0, 0, 0),
(422, 88, 1254, 'Skinless Longganisa', 1, '90.00', '2018-07-04 01:24:10', 0, '2018-07-04 01:24:12', '2018-07-04 01:24:12', NULL, 3, 0, 0, 0, 0, 0),
(423, 88, 1256, 'Corned Beef', 1, '120.00', '2018-07-04 01:24:10', 0, '2018-07-04 01:24:13', '2018-07-04 01:24:13', NULL, 3, 0, 0, 0, 0, 0),
(424, 88, 1257, 'Bacon', 1, '120.00', '2018-07-04 01:24:10', 0, '2018-07-04 01:24:15', '2018-07-04 01:24:15', NULL, 3, 0, 0, 0, 0, 0),
(425, 88, 1293, 'Mango Juice', 3, '40.00', '2018-07-04 01:24:10', 0, '2018-07-04 01:24:19', '2018-07-04 01:24:22', NULL, 3, 0, 0, 0, 0, 0),
(426, 88, 1311, 'Cheese Fries', 1, '115.00', '2018-07-04 01:24:10', 0, '2018-07-04 01:24:24', '2018-07-04 01:24:24', NULL, 3, 0, 0, 0, 0, 0),
(427, 90, 1268, 'Plugged Burger', 1, '150.00', '2018-07-04 01:24:44', 0, '2018-07-04 01:24:44', '2018-07-04 01:24:49', NULL, 3, 0, 0, 0, 0, 0),
(428, 90, 1271, 'Kaldereta Pasta', 1, '160.00', '2018-07-04 01:24:49', 0, '2018-07-04 01:24:51', '2018-07-04 01:24:51', NULL, 3, 0, 0, 0, 0, 0),
(429, 90, 1308, 'Plain Fries', 2, '115.00', '2018-07-04 01:24:49', 0, '2018-07-04 01:24:53', '2018-07-04 01:24:57', NULL, 3, 0, 0, 0, 0, 0),
(430, 90, 1263, 'Buffalo Wings', 1, '150.00', '2018-07-04 01:24:49', 0, '2018-07-04 01:24:59', '2018-07-04 01:24:59', NULL, 3, 0, 0, 0, 0, 0),
(431, 90, 1254, 'Skinless Longganisa', 1, '90.00', '2018-07-04 01:24:49', 0, '2018-07-04 01:25:01', '2018-07-04 01:25:01', NULL, 3, 0, 0, 0, 0, 0),
(432, 90, 1255, 'Ham', 1, '90.00', '2018-07-04 01:24:49', 0, '2018-07-04 01:25:01', '2018-07-04 01:25:01', NULL, 3, 0, 0, 0, 0, 0),
(433, 90, 1256, 'Corned Beef', 1, '120.00', '2018-07-04 01:24:49', 0, '2018-07-04 01:25:02', '2018-07-04 01:25:02', NULL, 3, 0, 0, 0, 0, 0),
(434, 91, 1276, 'Grilled Chicken Breast', 1, '160.00', '2018-07-04 01:25:14', 0, '2018-07-04 01:25:14', '2018-07-04 01:25:14', NULL, 3, 0, 0, 0, 0, 0),
(435, 91, 1278, 'Kaldereta', 1, '180.00', '2018-07-04 01:25:14', 0, '2018-07-04 01:25:15', '2018-07-04 01:25:15', NULL, 3, 0, 0, 0, 0, 0),
(436, 91, 1279, 'Plugged Schnitzel', 1, '180.00', '2018-07-04 01:25:14', 0, '2018-07-04 01:25:16', '2018-07-04 01:25:16', NULL, 3, 0, 0, 0, 0, 0),
(437, 91, 1265, 'Garlic Parmesan Wings', 1, '160.00', '2018-07-04 01:25:14', 0, '2018-07-04 01:25:17', '2018-07-04 01:25:17', NULL, 3, 0, 0, 0, 0, 0),
(438, 91, 1307, 'PS4', 8, '80.00', '2018-07-04 01:25:14', 0, '2018-07-04 01:25:22', '2018-07-04 01:25:25', NULL, 3, 0, 0, 0, 0, 0),
(439, 92, 1255, 'Ham', 1, '90.00', '2018-07-04 01:26:26', 0, '2018-07-04 01:26:26', '2018-07-04 01:26:26', NULL, 3, 0, 0, 0, 0, 0),
(440, 92, 1299, 'Brewed Coffee', 1, '45.00', '2018-07-04 01:26:26', 0, '2018-07-04 01:26:28', '2018-07-04 01:26:28', NULL, 3, 0, 0, 0, 0, 0),
(441, 93, 1303, 'Choco Almond Frappe', 3, '130.00', '2018-07-04 01:26:47', 0, '2018-07-04 01:26:47', '2018-07-04 01:26:49', NULL, 3, 0, 0, 0, 0, 0),
(442, 94, 1294, 'Four Seasons', 2, '40.00', '2018-07-04 01:27:01', 0, '2018-07-04 01:27:01', '2018-07-04 01:27:01', NULL, 3, 0, 0, 0, 0, 0),
(443, 95, 1289, 'Pale Pilsen Bucket', 1, '330.00', '2018-07-04 01:27:20', 0, '2018-07-04 01:27:20', '2018-07-04 01:27:20', NULL, 3, 0, 0, 0, 0, 0),
(444, 96, 1296, 'Pineapple Blueberry Juice', 1, '45.00', '2018-07-04 01:27:31', 0, '2018-07-04 01:27:31', '2018-07-04 01:27:31', NULL, 3, 0, 0, 0, 0, 0),
(445, 96, 1304, 'Double Chocolate Chip Frappe', 1, '130.00', '2018-07-04 01:27:31', 0, '2018-07-04 01:27:33', '2018-07-04 01:27:33', NULL, 3, 0, 0, 0, 0, 0),
(446, 96, 1312, 'Cheesy Beef Fries', 1, '165.00', '2018-07-04 01:27:31', 0, '2018-07-04 01:27:35', '2018-07-04 01:27:35', NULL, 3, 0, 0, 0, 0, 0),
(447, 96, 1306, 'Blueberry Frappe', 1, '140.00', '2018-07-04 01:27:31', 0, '2018-07-04 01:27:38', '2018-07-04 01:27:38', NULL, 3, 0, 0, 0, 0, 0),
(448, 97, 1307, 'PS4', 1, '80.00', '2018-07-04 01:28:20', 0, '2018-07-04 01:28:20', '2018-07-04 01:28:20', NULL, 3, 0, 0, 0, 0, 0),
(449, 97, 1306, 'Blueberry Frappe', 2, '140.00', '2018-07-04 01:28:20', 0, '2018-07-04 01:28:22', '2018-07-04 01:28:22', NULL, 3, 0, 0, 0, 0, 0),
(450, 97, 1305, 'Oreo Goodness Frappe', 1, '130.00', '2018-07-04 01:28:20', 0, '2018-07-04 01:28:25', '2018-07-04 01:28:25', NULL, 3, 0, 0, 0, 0, 0),
(451, 97, 1292, 'Soft Drinks', 1, '35.00', '2018-07-04 01:28:20', 0, '2018-07-04 01:28:29', '2018-07-04 01:28:29', NULL, 3, 0, 0, 0, 0, 0),
(452, 98, 1253, 'Bangus', 1, '120.00', '2018-07-04 01:28:41', 0, '2018-07-04 01:28:41', '2018-07-04 01:28:41', NULL, 3, 0, 0, 0, 0, 0),
(453, 98, 1303, 'Choco Almond Frappe', 1, '130.00', '2018-07-04 01:28:41', 0, '2018-07-04 01:28:43', '2018-07-04 01:28:43', NULL, 3, 0, 0, 0, 0, 0),
(454, 99, 1253, 'Bangus', 1, '120.00', '2018-07-04 01:29:00', 0, '2018-07-04 01:29:00', '2018-07-04 01:29:00', NULL, 3, 0, 0, 0, 0, 0),
(455, 99, 1259, 'Thousand Island', 2, '120.00', '2018-07-04 01:29:00', 0, '2018-07-04 01:29:02', '2018-07-04 01:29:04', NULL, 3, 0, 0, 0, 0, 0),
(456, 99, 1258, 'Chicken Salad', 1, '130.00', '2018-07-04 01:29:00', 0, '2018-07-04 01:29:03', '2018-07-04 01:29:03', NULL, 3, 0, 0, 0, 0, 0),
(457, 99, 1277, 'Fish Fillet', 1, '160.00', '2018-07-04 01:29:00', 0, '2018-07-04 01:29:07', '2018-07-04 01:29:07', NULL, 3, 0, 0, 0, 0, 0),
(458, 100, 1289, 'Pale Pilsen Bucket', 1, '330.00', '2018-07-04 01:29:24', 0, '2018-07-04 01:29:24', '2018-07-04 01:29:24', NULL, 3, 0, 0, 0, 0, 0),
(459, 100, 1312, 'Cheesy Beef Fries', 1, '165.00', '2018-07-04 01:29:24', 0, '2018-07-04 01:29:25', '2018-07-04 01:29:25', NULL, 3, 0, 0, 0, 0, 0),
(460, 101, 1257, 'Bacon', 2, '120.00', '2018-07-04 01:34:17', 0, '2018-07-04 01:34:18', '2018-07-04 01:34:18', NULL, 3, 0, 0, 0, 0, 0),
(461, 101, 1303, 'Choco Almond Frappe', 1, '130.00', '2018-07-04 01:34:17', 0, '2018-07-04 01:34:21', '2018-07-04 01:34:21', NULL, 3, 0, 0, 0, 0, 0),
(462, 101, 1304, 'Double Chocolate Chip Frappe', 1, '130.00', '2018-07-04 01:34:17', 0, '2018-07-04 01:34:22', '2018-07-04 01:34:22', NULL, 3, 0, 0, 0, 0, 0),
(463, 103, 1312, 'Cheesy Beef Fries', 1, '165.00', '2018-07-04 01:34:31', 0, '2018-07-04 01:34:31', '2018-07-04 01:34:35', NULL, 3, 0, 0, 0, 0, 0),
(464, 103, 1308, 'Plain Fries', 1, '115.00', '2018-07-04 01:34:35', 0, '2018-07-04 01:34:37', '2018-07-04 01:34:37', NULL, 3, 0, 0, 0, 0, 0),
(465, 103, 1304, 'Double Chocolate Chip Frappe', 1, '130.00', '2018-07-04 01:34:35', 0, '2018-07-04 01:34:39', '2018-07-04 01:34:39', NULL, 3, 0, 0, 0, 0, 0),
(466, 103, 1303, 'Choco Almond Frappe', 1, '130.00', '2018-07-04 01:34:35', 0, '2018-07-04 01:34:40', '2018-07-04 01:34:40', NULL, 3, 0, 0, 0, 0, 0),
(467, 104, 1301, 'Iced Tea', 15, '75.00', '2018-07-04 01:35:59', 0, '2018-07-04 01:35:59', '2018-07-04 01:36:06', NULL, 3, 0, 0, 0, 0, 0),
(468, 105, 1306, 'Blueberry Frappe', 15, '140.00', '2018-07-04 01:37:00', 0, '2018-07-04 01:37:00', '2018-07-04 01:37:39', NULL, 3, 0, 0, 0, 0, 0),
(469, 105, 1304, 'Double Chocolate Chip Frappe', 16, '130.00', '2018-07-04 01:37:00', 0, '2018-07-04 01:37:03', '2018-07-04 01:37:23', NULL, 3, 0, 0, 0, 0, 0),
(470, 105, 1303, 'Choco Almond Frappe', 23, '130.00', '2018-07-04 01:37:00', 0, '2018-07-04 01:37:03', '2018-07-04 01:37:21', NULL, 3, 0, 0, 0, 0, 0),
(471, 105, 1293, 'Mango Juice', 18, '40.00', '2018-07-04 01:37:00', 0, '2018-07-04 01:37:12', '2018-07-04 01:37:28', NULL, 3, 0, 0, 0, 0, 0),
(472, 106, 1306, 'Blueberry Frappe', 15, '140.00', '2018-07-04 01:38:37', 0, '2018-07-04 01:38:37', '2018-07-04 01:39:00', NULL, 3, 0, 0, 0, 0, 0),
(473, 106, 1304, 'Double Chocolate Chip Frappe', 16, '130.00', '2018-07-04 01:38:37', 0, '2018-07-04 01:38:39', '2018-07-04 01:39:01', NULL, 3, 0, 0, 0, 0, 0),
(474, 106, 1293, 'Mango Juice', 14, '40.00', '2018-07-04 01:38:37', 0, '2018-07-04 01:38:47', '2018-07-04 01:39:04', NULL, 3, 0, 0, 0, 0, 0),
(475, 107, 1269, 'Carbonara', 1, '150.00', '2018-07-04 06:54:35', 0, '2018-07-04 06:54:35', '2018-07-04 06:54:35', NULL, 3, 0, 0, 0, 0, 0),
(476, 108, 1257, 'Bacon', 1, '120.00', '2018-07-04 07:07:42', 0, '2018-07-04 07:07:42', '2018-07-04 07:08:16', '2018-07-04 07:08:16', 3, 0, 0, 0, 0, 0),
(478, 109, 1257, 'Bacon', 100, '120.00', '2018-07-04 07:26:39', 0, '2018-07-04 07:26:39', '2018-07-04 07:36:11', NULL, 3, 0, 0, 0, 0, 0),
(479, 110, 1257, 'Bacon', 1, '120.00', '2018-07-04 07:44:42', 0, '2018-07-04 07:44:42', '2018-07-04 07:44:52', '2018-07-04 07:44:52', 3, 0, 0, 0, 0, 0),
(481, 112, 1257, 'Bacon', 1, '120.00', '2018-07-04 07:52:24', 0, '2018-07-04 07:52:24', '2018-07-04 12:01:17', '2018-07-04 12:01:17', 3, 0, 0, 0, 0, 0),
(482, 113, 1307, 'PS4', 1, '80.00', '2018-07-04 07:57:28', 0, '2018-07-04 07:57:28', '2018-07-04 12:58:43', '2018-07-04 12:58:43', 3, 0, 0, 0, 0, 0),
(483, 111, 1314, 'Jenga', 1, '100.00', '2018-07-04 07:49:42', 0, '2018-07-04 08:05:57', '2018-07-04 08:47:56', '2018-07-04 08:47:56', 3, 0, 0, 0, 0, 0),
(484, 111, 1319, 'Monopoly', 1, '100.00', '2018-07-04 07:49:42', 0, '2018-07-04 08:07:21', '2018-07-04 08:47:59', '2018-07-04 08:47:59', 3, 0, 0, 0, 0, 0),
(485, 111, 1275, 'Fried Chicken', 1, '160.00', '2018-07-04 07:49:42', 0, '2018-07-04 08:53:28', '2018-07-04 08:53:28', NULL, 3, 0, 0, 0, 0, 0),
(486, 112, 1277, 'Fish Fillet', 1, '160.00', '2018-07-04 07:52:24', 0, '2018-07-04 12:03:36', '2018-07-04 12:06:28', NULL, 3, 0, 0, 0, 0, 0),
(488, 115, 1253, 'Bangus', 10, '120.00', '2018-07-04 13:08:12', 0, '2018-07-04 13:08:12', '2018-07-04 17:29:29', '2018-07-04 17:29:29', 3, 0, 0, 0, 0, 0),
(489, 113, 1281, 'San Mig Light', 2, '55.00', '2018-07-04 07:57:28', 0, '2018-07-04 16:24:34', '2018-07-04 16:43:10', NULL, 3, 0, 0, 0, 0, 0),
(490, 116, 1277, 'Fish Fillet', 2, '160.00', '2018-07-04 17:29:56', 0, '2018-07-04 17:29:56', '2018-07-04 17:29:58', NULL, 3, 0, 0, 0, 0, 0),
(491, 116, 1275, 'Fried Chicken', 1, '160.00', '2018-07-04 17:29:56', 0, '2018-07-04 17:29:57', '2018-07-04 17:30:04', NULL, 3, 0, 0, 0, 0, 0),
(492, 116, 1273, 'Creamy Mushroom Chicken Rice Toppings', 1, '150.00', '2018-07-04 17:29:56', 0, '2018-07-04 17:29:59', '2018-07-04 17:29:59', NULL, 3, 0, 0, 0, 0, 0),
(493, 117, 1269, 'Carbonara', 2, '150.00', '2018-07-04 17:32:23', 0, '2018-07-04 17:32:23', '2018-07-04 17:32:25', NULL, 3, 0, 0, 0, 0, 0),
(494, 117, 1271, 'Kaldereta Pasta', 1, '160.00', '2018-07-04 17:32:23', 0, '2018-07-04 17:32:24', '2018-07-04 17:32:24', NULL, 3, 0, 0, 0, 0, 0),
(495, 117, 1268, 'Plugged Burger', 1, '150.00', '2018-07-04 17:32:23', 0, '2018-07-04 17:32:25', '2018-07-04 17:32:29', NULL, 3, 0, 0, 0, 0, 0),
(496, 118, 1269, 'Carbonara', 1, '150.00', '2018-07-04 17:46:13', 0, '2018-07-04 17:46:13', '2018-07-04 17:46:18', NULL, 3, 0, 0, 0, 0, 0),
(497, 118, 1271, 'Kaldereta Pasta', 1, '160.00', '2018-07-04 17:46:13', 0, '2018-07-04 17:46:52', '2018-07-04 17:46:52', NULL, 3, 0, 0, 0, 0, 0),
(498, 118, 1268, 'Plugged Burger', 1, '150.00', '2018-07-04 17:46:13', 0, '2018-07-04 17:46:53', '2018-07-04 17:46:53', NULL, 3, 0, 0, 0, 0, 0),
(499, 119, 1268, 'Plugged Burger', 2, '150.00', '2018-07-04 17:48:20', 0, '2018-07-04 17:48:20', '2018-07-04 17:48:25', NULL, 3, 0, 0, 0, 0, 0),
(500, 119, 1304, 'Double Chocolate Chip Frappe', 1, '130.00', '2018-07-04 17:48:20', 0, '2018-07-04 17:48:28', '2018-07-04 17:48:28', NULL, 3, 0, 0, 0, 0, 0),
(501, 119, 1303, 'Choco Almond Frappe', 1, '130.00', '2018-07-04 17:48:20', 0, '2018-07-04 17:48:28', '2018-07-04 17:48:28', NULL, 3, 0, 0, 0, 0, 0),
(502, 120, 1312, 'Cheesy Beef Fries', 4, '165.00', '2018-07-04 17:50:23', 0, '2018-07-04 17:50:23', '2018-07-04 17:50:36', NULL, 3, 0, 0, 0, 0, 0),
(503, 120, 1308, 'Plain Fries', 1, '115.00', '2018-07-04 17:50:23', 0, '2018-07-04 17:50:24', '2018-07-04 17:50:34', NULL, 3, 0, 0, 0, 0, 0),
(504, 120, 1311, 'Cheese Fries', 4, '115.00', '2018-07-04 17:50:23', 0, '2018-07-04 17:50:35', '2018-07-04 17:50:36', NULL, 3, 0, 0, 0, 0, 0),
(505, 120, 1303, 'Choco Almond Frappe', 4, '130.00', '2018-07-04 17:50:23', 0, '2018-07-04 17:50:38', '2018-07-04 17:50:38', NULL, 3, 0, 0, 0, 0, 0),
(506, 122, 1273, 'Creamy Mushroom Chicken Rice Toppings', 1, '150.00', '2018-07-05 11:04:25', 0, '2018-07-05 11:04:25', '2018-07-05 11:04:25', NULL, 3, 0, 0, 0, 0, 0),
(507, 122, 1277, 'Fish Fillet', 1, '160.00', '2018-07-05 11:04:25', 0, '2018-07-05 11:04:28', '2018-07-05 11:05:29', NULL, 3, 0, 0, 0, 0, 0),
(509, 128, 1269, 'Carbonara', 5, '150.00', '2018-07-05 11:25:22', 0, '2018-07-05 11:25:22', '2018-07-05 11:30:22', NULL, 3, 0, 0, 0, 0, 0),
(510, 128, 1271, 'Kaldereta Pasta', 1, '160.00', '2018-07-05 11:25:22', 0, '2018-07-05 11:25:24', '2018-07-05 11:30:22', NULL, 3, 0, 0, 0, 0, 0),
(511, 128, 1268, 'Plugged Burger', 1, '150.00', '2018-07-05 11:25:22', 0, '2018-07-05 11:25:25', '2018-07-05 11:30:22', NULL, 3, 0, 0, 0, 0, 0),
(512, 129, 1269, 'Carbonara', 1, '150.00', '2018-07-05 11:38:59', 0, '2018-07-05 11:38:59', '2018-07-05 11:38:59', NULL, 3, 0, 0, 0, 0, 0),
(513, 129, 1271, 'Kaldereta Pasta', 1, '160.00', '2018-07-05 11:38:59', 0, '2018-07-05 11:39:00', '2018-07-05 11:39:10', NULL, 3, 0, 0, 0, 0, 0),
(514, 130, 1269, 'Carbonara', 2, '150.00', '2018-07-05 11:44:33', 0, '2018-07-05 11:44:33', '2018-07-05 17:25:37', NULL, 3, 0, 0, 0, 0, 0),
(515, 130, 1271, 'Kaldereta Pasta', 1, '160.00', '2018-07-05 11:44:33', 0, '2018-07-05 11:44:34', '2018-07-05 11:44:34', NULL, 3, 0, 0, 0, 0, 0),
(516, 131, 1269, 'Carbonara', 1, '150.00', '2018-07-07 05:08:50', 0, '2018-07-07 05:08:50', '2018-07-07 05:08:50', NULL, 3, 0, 0, 0, 0, 0),
(517, 131, 1271, 'Kaldereta Pasta', 1, '160.00', '2018-07-07 05:08:50', 0, '2018-07-07 05:08:51', '2018-07-07 05:08:51', NULL, 3, 0, 0, 0, 0, 0),
(518, 131, 1268, 'Plugged Burger', 1, '150.00', '2018-07-07 05:08:50', 0, '2018-07-07 05:08:52', '2018-07-07 05:08:52', NULL, 3, 0, 0, 0, 0, 0),
(519, 132, 1273, 'Creamy Mushroom Chicken Rice Toppings', 1, '150.00', '2018-07-07 05:09:48', 0, '2018-07-07 05:09:48', '2018-07-07 05:09:48', NULL, 3, 0, 0, 0, 0, 0),
(520, 132, 1277, 'Fish Fillet', 1, '160.00', '2018-07-07 05:09:48', 0, '2018-07-07 05:09:50', '2018-07-07 05:09:50', NULL, 3, 0, 0, 0, 0, 0),
(521, 133, 1273, 'Creamy Mushroom Chicken Rice Toppings', 1, '150.00', '2018-07-07 05:09:53', 0, '2018-07-07 05:09:53', '2018-07-07 05:09:53', NULL, 3, 0, 0, 0, 0, 0),
(522, 133, 1277, 'Fish Fillet', 1, '160.00', '2018-07-07 05:09:53', 0, '2018-07-07 05:09:54', '2018-07-07 05:09:54', NULL, 3, 0, 0, 0, 0, 0),
(523, 133, 1275, 'Fried Chicken', 1, '160.00', '2018-07-07 05:09:53', 0, '2018-07-07 05:09:54', '2018-07-07 05:10:00', NULL, 3, 0, 0, 0, 0, 0),
(524, 134, 1273, 'Creamy Mushroom Chicken Rice Toppings', 1, '150.00', '2018-07-07 05:11:34', 0, '2018-07-07 05:11:34', '2018-07-07 05:11:34', NULL, 3, 0, 0, 0, 0, 0),
(525, 134, 1277, 'Fish Fillet', 1, '160.00', '2018-07-07 05:11:34', 0, '2018-07-07 05:11:35', '2018-07-07 05:11:35', NULL, 3, 0, 0, 0, 0, 0),
(526, 134, 1275, 'Fried Chicken', 1, '160.00', '2018-07-07 05:11:34', 0, '2018-07-07 05:11:36', '2018-07-07 05:11:36', NULL, 3, 0, 0, 0, 0, 0),
(527, 135, 1273, 'Creamy Mushroom Chicken Rice Toppings', 1, '150.00', '2018-07-07 05:12:17', 0, '2018-07-07 05:12:17', '2018-07-07 05:12:17', NULL, 3, 0, 0, 0, 0, 0),
(528, 135, 1277, 'Fish Fillet', 1, '160.00', '2018-07-07 05:12:17', 0, '2018-07-07 05:12:18', '2018-07-07 05:12:18', NULL, 3, 0, 0, 0, 0, 0),
(529, 135, 1275, 'Fried Chicken', 2, '160.00', '2018-07-07 05:12:17', 0, '2018-07-07 05:12:19', '2018-07-07 05:12:19', NULL, 3, 0, 0, 0, 0, 0),
(530, 135, 1276, 'Grilled Chicken Breast', 1, '160.00', '2018-07-07 05:12:17', 0, '2018-07-07 05:12:19', '2018-07-07 05:12:19', NULL, 3, 0, 0, 0, 0, 0),
(531, 135, 1279, 'Plugged Schnitzel', 1, '180.00', '2018-07-07 05:12:17', 0, '2018-07-07 05:12:26', '2018-07-07 05:12:26', NULL, 3, 0, 0, 0, 0, 0),
(532, 132, 1315, 'Chess', 1, '100.00', '2018-07-07 05:09:48', 0, '2018-07-07 05:12:44', '2018-07-07 05:12:44', NULL, 3, 0, 0, 0, 0, 0),
(533, 132, 1317, 'Game of the Generals', 1, '100.00', '2018-07-07 05:09:48', 0, '2018-07-07 05:12:45', '2018-07-07 05:12:45', NULL, 3, 0, 0, 0, 0, 0),
(534, 132, 1314, 'Jenga', 1, '100.00', '2018-07-07 05:09:48', 0, '2018-07-07 05:12:45', '2018-07-07 05:12:45', NULL, 3, 0, 0, 0, 0, 0),
(535, 132, 1319, 'Monopoly', 1, '100.00', '2018-07-07 05:09:48', 0, '2018-07-07 05:12:46', '2018-07-07 05:12:46', NULL, 3, 0, 0, 0, 0, 0),
(536, 132, 1307, 'PS4', 1, '80.00', '2018-07-07 05:09:48', 0, '2018-07-07 05:12:47', '2018-07-07 05:12:47', NULL, 3, 0, 0, 0, 0, 0),
(537, 132, 1318, 'Snakes and Ladders', 1, '100.00', '2018-07-07 05:09:48', 0, '2018-07-07 05:12:47', '2018-07-07 05:12:47', NULL, 3, 0, 0, 0, 0, 0),
(538, 132, 1313, 'Unlimited PS4', 1, '200.00', '2018-07-07 05:09:48', 0, '2018-07-07 05:12:48', '2018-07-07 05:12:48', NULL, 3, 0, 0, 0, 0, 0),
(540, 136, 1253, 'Bangus', 1, '120.00', '2018-07-07 05:13:11', 0, '2018-07-07 05:13:11', '2018-07-07 05:13:11', NULL, 3, 0, 0, 0, 0, 0),
(541, 136, 1252, 'Beef Tapa', 1, '120.00', '2018-07-07 05:13:11', 0, '2018-07-07 05:13:12', '2018-07-07 05:13:12', NULL, 3, 0, 0, 0, 0, 0),
(542, 136, 1256, 'Corned Beef', 1, '120.00', '2018-07-07 05:13:11', 0, '2018-07-07 05:13:13', '2018-07-07 05:13:13', NULL, 3, 0, 0, 0, 0, 0),
(543, 136, 1255, 'Ham', 1, '90.00', '2018-07-07 05:13:11', 0, '2018-07-07 05:13:13', '2018-07-07 05:13:13', NULL, 3, 0, 0, 0, 0, 0),
(544, 136, 1254, 'Skinless Longganisa', 1, '90.00', '2018-07-07 05:13:11', 0, '2018-07-07 05:13:14', '2018-07-07 05:13:14', NULL, 3, 0, 0, 0, 0, 0),
(545, 136, 1302, 'Vanilla Caramel Frappe', 13, '120.00', '2018-07-07 05:13:11', 0, '2018-07-07 05:13:27', '2018-07-07 05:14:02', NULL, 3, 0, 0, 0, 0, 0),
(546, 136, 1292, 'Soft Drinks', 1, '35.00', '2018-07-07 05:13:11', 0, '2018-07-07 05:13:29', '2018-07-07 05:13:29', NULL, 3, 0, 0, 0, 0, 0),
(547, 136, 1290, 'Smirnoff Mule Bucket', 1, '330.00', '2018-07-07 05:13:11', 0, '2018-07-07 05:13:30', '2018-07-07 05:13:30', NULL, 3, 0, 0, 0, 0, 0),
(548, 136, 1284, 'Pale Pilsen', 6, '60.00', '2018-07-07 05:13:11', 0, '2018-07-07 05:13:44', '2018-07-07 05:13:47', NULL, 3, 0, 0, 0, 0, 0),
(549, 136, 1289, 'Pale Pilsen Bucket', 1, '330.00', '2018-07-07 05:13:11', 0, '2018-07-07 05:13:44', '2018-07-07 05:13:44', NULL, 3, 0, 0, 0, 0, 0),
(550, 136, 1283, 'Red Horse', 1, '55.00', '2018-07-07 05:13:11', 0, '2018-07-07 05:13:48', '2018-07-07 05:13:48', NULL, 3, 0, 0, 0, 0, 0),
(551, 136, 1288, 'Red Horse Bucket', 1, '310.00', '2018-07-07 05:13:11', 0, '2018-07-07 05:13:49', '2018-07-07 05:13:49', NULL, 3, 0, 0, 0, 0, 0),
(552, 136, 1282, 'San Mig Apple', 1, '55.00', '2018-07-07 05:13:11', 0, '2018-07-07 05:13:49', '2018-07-07 05:13:49', NULL, 3, 0, 0, 0, 0, 0),
(553, 136, 1281, 'San Mig Light', 1, '55.00', '2018-07-07 05:13:11', 0, '2018-07-07 05:13:50', '2018-07-07 05:13:50', NULL, 3, 0, 0, 0, 0, 0),
(554, 136, 1287, 'San Mig Apple Bucket', 1, '310.00', '2018-07-07 05:13:11', 0, '2018-07-07 05:13:50', '2018-07-07 05:13:50', NULL, 3, 0, 0, 0, 0, 0),
(555, 136, 1286, 'San Mig Light Bucket', 1, '310.00', '2018-07-07 05:13:11', 0, '2018-07-07 05:13:51', '2018-07-07 05:13:51', NULL, 3, 0, 0, 0, 0, 0),
(556, 137, 1309, 'BBQ Fries', 2, '115.00', '2018-07-07 05:17:55', 0, '2018-07-07 05:17:55', '2018-07-07 05:17:56', NULL, 3, 0, 0, 0, 0, 0),
(557, 137, 1311, 'Cheese Fries', 1, '115.00', '2018-07-07 05:17:55', 0, '2018-07-07 05:17:56', '2018-07-07 05:17:56', NULL, 3, 0, 0, 0, 0, 0),
(558, 137, 1312, 'Cheesy Beef Fries', 1, '165.00', '2018-07-07 05:17:55', 0, '2018-07-07 05:17:56', '2018-07-07 05:17:56', NULL, 3, 0, 0, 0, 0, 0),
(559, 137, 1308, 'Plain Fries', 1, '115.00', '2018-07-07 05:17:55', 0, '2018-07-07 05:17:56', '2018-07-07 05:17:56', NULL, 3, 0, 0, 0, 0, 0),
(560, 137, 1310, 'Sour Cream Fries', 1, '115.00', '2018-07-07 05:17:55', 0, '2018-07-07 05:17:57', '2018-07-07 05:17:57', NULL, 3, 0, 0, 0, 0, 0),
(561, 137, 1258, 'Chicken Salad', 2, '130.00', '2018-07-07 05:17:55', 0, '2018-07-07 05:17:58', '2018-07-07 05:17:59', NULL, 3, 0, 0, 0, 0, 0),
(562, 137, 1259, 'Thousand Island', 2, '120.00', '2018-07-07 05:17:55', 0, '2018-07-07 05:17:58', '2018-07-07 05:17:59', NULL, 3, 0, 0, 0, 0, 0),
(563, 137, 1269, 'Carbonara', 1, '150.00', '2018-07-07 05:17:55', 0, '2018-07-07 05:18:00', '2018-07-07 05:18:00', NULL, 3, 0, 0, 0, 0, 0),
(564, 137, 1271, 'Kaldereta Pasta', 1, '160.00', '2018-07-07 05:17:55', 0, '2018-07-07 05:18:01', '2018-07-07 05:18:01', NULL, 3, 0, 0, 0, 0, 0),
(565, 137, 1268, 'Plugged Burger', 1, '150.00', '2018-07-07 05:17:55', 0, '2018-07-07 05:18:01', '2018-07-07 05:18:01', NULL, 3, 0, 0, 0, 0, 0),
(566, 137, 1270, 'Pomodoro Pasta', 1, '150.00', '2018-07-07 05:17:55', 0, '2018-07-07 05:18:01', '2018-07-07 05:18:01', NULL, 3, 0, 0, 0, 0, 0),
(567, 137, 1265, 'Garlic Parmesan Wings', 2, '160.00', '2018-07-07 05:17:55', 0, '2018-07-07 05:18:03', '2018-07-07 05:18:05', NULL, 3, 0, 0, 0, 0, 0),
(568, 137, 1266, 'Chicken Poppers', 1, '160.00', '2018-07-07 05:17:55', 0, '2018-07-07 05:18:04', '2018-07-07 05:18:04', NULL, 3, 0, 0, 0, 0, 0),
(569, 137, 1263, 'Buffalo Wings', 2, '150.00', '2018-07-07 05:17:55', 0, '2018-07-07 05:18:04', '2018-07-07 05:18:06', NULL, 3, 0, 0, 0, 0, 0),
(570, 137, 1264, 'Honey BBQ Wings', 1, '150.00', '2018-07-07 05:17:55', 0, '2018-07-07 05:18:05', '2018-07-07 05:18:05', NULL, 3, 0, 0, 0, 0, 0),
(571, 137, 1260, 'Onion Rings', 1, '120.00', '2018-07-07 05:17:55', 0, '2018-07-07 05:18:05', '2018-07-07 05:18:05', NULL, 3, 0, 0, 0, 0, 0),
(572, 137, 1261, 'Plugged Chili Dynamite', 1, '140.00', '2018-07-07 05:17:55', 0, '2018-07-07 05:18:05', '2018-07-07 05:18:05', NULL, 3, 0, 0, 0, 0, 0),
(573, 137, 1262, 'Beef Nachos', 1, '150.00', '2018-07-07 05:17:55', 0, '2018-07-07 05:18:06', '2018-07-07 05:18:06', NULL, 3, 0, 0, 0, 0, 0),
(574, 137, 1252, 'Beef Tapa', 1, '120.00', '2018-07-07 05:17:55', 0, '2018-07-07 05:18:07', '2018-07-07 05:18:07', NULL, 3, 0, 0, 0, 0, 0),
(575, 137, 1256, 'Corned Beef', 1, '120.00', '2018-07-07 05:17:55', 0, '2018-07-07 05:18:07', '2018-07-07 05:18:07', NULL, 3, 0, 0, 0, 0, 0),
(576, 137, 1253, 'Bangus', 1, '120.00', '2018-07-07 05:17:55', 0, '2018-07-07 05:18:08', '2018-07-07 05:18:08', NULL, 3, 0, 0, 0, 0, 0),
(577, 138, 1269, 'Carbonara', 2, '150.00', '2018-07-07 05:45:32', 0, '2018-07-07 05:45:32', '2018-07-07 05:52:16', '2018-07-07 05:52:16', 3, 0, 0, 0, 0, 0),
(578, 138, 1269, 'Carbonara', 1, '150.00', '2018-07-07 05:45:32', 0, '2018-07-07 05:52:21', '2018-07-07 05:52:23', '2018-07-07 05:52:23', 3, 0, 0, 0, 0, 0),
(579, 139, 1269, 'Carbonara', 1, '150.00', '2018-07-07 06:05:54', 0, '2018-07-07 06:05:54', '2018-07-07 06:05:54', NULL, 3, 0, 0, 0, 0, 0),
(580, 139, 1271, 'Kaldereta Pasta', 1, '160.00', '2018-07-07 06:05:54', 0, '2018-07-07 06:05:55', '2018-07-07 06:05:55', NULL, 3, 0, 0, 0, 0, 0),
(581, 139, 1268, 'Plugged Burger', 1, '150.00', '2018-07-07 06:05:54', 0, '2018-07-07 06:05:55', '2018-07-07 06:05:55', NULL, 3, 0, 0, 0, 0, 0),
(582, 140, 1269, 'Carbonara', 1, '150.00', '2018-07-07 06:06:35', 0, '2018-07-07 06:06:35', '2018-07-07 06:06:35', NULL, 3, 0, 0, 0, 0, 0),
(583, 140, 1271, 'Kaldereta Pasta', 1, '160.00', '2018-07-07 06:06:35', 0, '2018-07-07 06:06:36', '2018-07-07 06:06:36', NULL, 3, 0, 0, 0, 0, 0),
(584, 141, 1257, 'Bacon', 2, '200.00', '2018-07-07 06:07:02', 0, '2018-07-07 06:07:02', '2018-07-07 06:07:19', NULL, 3, 0, 0, 0, 0, 0),
(585, 142, 1269, 'Carbonara', 2, '150.00', '2018-07-07 06:33:53', 0, '2018-07-07 06:33:53', '2018-07-07 06:33:54', NULL, 3, 0, 0, 0, 0, 0),
(586, 142, 1271, 'Kaldereta Pasta', 1, '160.00', '2018-07-07 06:33:53', 0, '2018-07-07 06:33:54', '2018-07-07 06:33:54', NULL, 3, 0, 0, 0, 0, 0),
(587, 143, 1269, 'Carbonara', 2, '150.00', '2018-07-07 13:09:37', 0, '2018-07-07 13:09:37', '2018-07-07 13:09:39', NULL, 3, 0, 0, 0, 0, 0),
(588, 143, 1271, 'Kaldereta Pasta', 1, '160.00', '2018-07-07 13:09:37', 0, '2018-07-07 13:09:38', '2018-07-07 13:09:44', NULL, 3, 0, 0, 0, 0, 0),
(589, 144, 1269, 'Carbonara', 3, '150.00', '2018-07-08 07:55:24', 0, '2018-07-08 07:55:24', '2018-07-08 08:20:51', NULL, 3, 1, 1, 2, 0, 3),
(590, 145, 1271, 'Kaldereta Pasta', 1, '160.00', '2018-07-08 08:23:39', 0, '2018-07-08 08:23:39', '2018-07-08 08:37:36', NULL, 3, 0, 0, 0, 0, 4),
(591, 145, 1269, 'Carbonara', 3, '150.00', '2018-07-08 08:23:39', 0, '2018-07-08 08:23:39', '2018-07-08 08:36:35', NULL, 3, 0, 0, 0, 0, 1),
(592, 145, 1273, 'Creamy Mushroom Chicken Rice Toppings', 1, '150.00', '2018-07-08 08:23:39', 0, '2018-07-08 11:38:56', '2018-07-08 11:38:56', NULL, 3, NULL, 0, 0, 0, 1),
(593, 145, 1277, 'Fish Fillet', 1, '160.00', '2018-07-08 08:23:39', 0, '2018-07-08 11:38:57', '2018-07-08 11:38:57', NULL, 3, NULL, 0, 0, 0, 1);

-- --------------------------------------------------------

--
-- Table structure for table `products`
--

CREATE TABLE `products` (
  `id` int(11) NOT NULL,
  `name` varchar(500) DEFAULT NULL,
  `product_category_id` int(11) DEFAULT NULL,
  `product_type_id` int(11) DEFAULT NULL,
  `unitprice` decimal(10,2) DEFAULT '0.00',
  `image` varchar(255) DEFAULT NULL,
  `user_id` int(11) DEFAULT NULL,
  `created_at` datetime DEFAULT NULL,
  `updated_at` datetime DEFAULT NULL
) ENGINE=InnoDB DEFAULT CHARSET=utf8;

--
-- Dumping data for table `products`
--

INSERT INTO `products` (`id`, `name`, `product_category_id`, `product_type_id`, `unitprice`, `image`, `user_id`, `created_at`, `updated_at`) VALUES
(1252, 'Beef Tapa', 26, NULL, '120.00', 'kuTlPKHla4pwFRB7.jpg', 1, '2018-03-27 16:46:36', '2018-03-27 16:46:36'),
(1253, 'Bangus', 26, NULL, '120.00', 'dVo38K1vRG9895cC.jpg', 1, '2018-03-27 16:51:22', '2018-03-27 16:51:22'),
(1254, 'Skinless Longganisa', 26, NULL, '90.00', 'sLfnEFe6h0FCVkPQ.jpg', 1, '2018-03-27 16:52:46', '2018-03-27 17:01:04'),
(1255, 'Ham', 26, NULL, '90.00', '8JEEbtb4ZyTjWoJr.jpg', 1, '2018-03-27 16:54:04', '2018-03-27 16:54:04'),
(1256, 'Corned Beef', 26, NULL, '120.00', 'QcEWUqxlclGJxjzI.jpg', 1, '2018-03-27 16:56:19', '2018-03-27 16:56:19'),
(1257, 'Bacon', 26, NULL, '200.00', 'SobMVW7E3k5S8mbg.jpg', 1, '2018-03-27 16:59:12', '2018-07-04 08:20:47'),
(1258, 'Chicken Salad', 28, NULL, '130.00', 'RvOuQXLiDVZ4Li64.jpg', 1, '2018-03-27 17:08:32', '2018-03-27 17:08:32'),
(1259, 'Thousand Island', 28, NULL, '120.00', 'mjSJsU5fk4qZHG04.jpg', 1, '2018-03-27 17:11:00', '2018-03-27 17:11:00'),
(1260, 'Onion Rings', 30, NULL, '120.00', 'Sh0O4NvGAHUwmLaT.jpg', 1, '2018-03-27 17:11:34', '2018-03-27 17:11:34'),
(1261, 'Plugged Chili Dynamite', 30, NULL, '140.00', 'vZ72CJB9CPoNDG6x.jpg', 1, '2018-03-27 17:14:55', '2018-03-27 17:14:55'),
(1262, 'Beef Nachos', 30, NULL, '150.00', 'givg4DtHMdgZZttw.jpg', 1, '2018-03-27 17:15:29', '2018-03-27 17:15:29'),
(1263, 'Buffalo Wings', 30, NULL, '150.00', 'bwdgjGJK0y5Wqnto.jpg', 1, '2018-03-27 17:16:19', '2018-03-27 17:16:19'),
(1264, 'Honey BBQ Wings', 30, NULL, '150.00', 'JkgZs55RIptR6weI.jpg', 1, '2018-03-27 17:16:48', '2018-03-27 17:16:48'),
(1265, 'Garlic Parmesan Wings', 30, NULL, '160.00', 'xpMRuCrMQiT6oDbw.jpg', 1, '2018-03-27 17:17:13', '2018-03-27 17:17:13'),
(1266, 'Chicken Poppers', 30, NULL, '160.00', 'cUU9KhzNGaYSDyfu.jpg', 1, '2018-03-27 17:17:28', '2018-03-27 17:17:28'),
(1267, 'Sizzling Liempo', 30, NULL, '180.00', 'bC2bBtWw5e1MtYb1.jpg', 1, '2018-03-27 17:18:16', '2018-03-27 17:18:16'),
(1268, 'Plugged Burger', 27, NULL, '150.00', 'AV6thUEk30old9Lw.jpg', 1, '2018-03-27 17:19:05', '2018-03-27 17:19:05'),
(1269, 'Carbonara', 27, NULL, '150.00', 'wSTS5a6R1GO4IE2x.jpg', 1, '2018-03-27 17:19:26', '2018-03-27 17:19:26'),
(1270, 'Pomodoro Pasta', 27, NULL, '150.00', 'EAYydBfEa9Gryj88.jpg', 1, '2018-03-27 17:20:07', '2018-03-27 17:43:14'),
(1271, 'Kaldereta Pasta', 27, NULL, '160.00', 'J2nGNUjTOUNL5uHp.jpg', 1, '2018-03-27 17:20:27', '2018-03-27 17:20:27'),
(1273, 'Creamy Mushroom Chicken Rice Toppings', 29, NULL, '150.00', 'ZzCpiBTFSYZHquJw.jpg', 1, '2018-03-27 17:21:42', '2018-03-27 17:45:11'),
(1274, 'Pork Sisig Rice', 29, NULL, '150.00', 'N4Fh8BpilphXZWb7.jpg', 1, '2018-03-27 17:22:05', '2018-03-27 17:22:05'),
(1275, 'Fried Chicken', 29, NULL, '160.00', 'hpszpmQPUiYOMmlY.jpg', 1, '2018-03-27 17:22:26', '2018-03-27 17:42:05'),
(1276, 'Grilled Chicken Breast', 29, NULL, '160.00', 'yhDNYKupt5ZGg6M4.jpg', 1, '2018-03-27 17:22:52', '2018-03-27 17:22:52'),
(1277, 'Fish Fillet', 29, NULL, '160.00', 'ecryx4k8M1fLySAT.jpg', 1, '2018-03-27 17:23:14', '2018-03-27 17:23:14'),
(1278, 'Kaldereta', 29, NULL, '180.00', 'KVxUtcXAwPD8BGmr.jpg', 1, '2018-03-27 17:23:33', '2018-03-27 17:23:33'),
(1279, 'Plugged Schnitzel', 29, NULL, '180.00', 'uaBEBVQOhULye6r2.jpg', 1, '2018-03-27 17:24:13', '2018-03-27 17:24:13'),
(1280, 'Pork Chop', 29, NULL, '180.00', 'AXZ3E425PaczStux.jpg', 1, '2018-03-27 17:24:28', '2018-03-27 17:24:28'),
(1281, 'San Mig Light', 33, NULL, '55.00', 'e7Y0wOlAJRIs8e4m.jpg', 1, '2018-03-27 17:26:57', '2018-07-03 04:17:02'),
(1282, 'San Mig Apple', 33, NULL, '55.00', 'BVl2Bc7pMr4HScyY.jpg', 1, '2018-03-27 17:27:11', '2018-07-03 04:16:52'),
(1283, 'Red Horse', 33, NULL, '55.00', '0pj88LraMwwE2hrq.jpg', 1, '2018-03-27 17:27:26', '2018-07-03 04:16:38'),
(1284, 'Pale Pilsen', 33, NULL, '60.00', 'U2F5S5wg4f0XlUgf.jpg', 1, '2018-03-27 17:27:51', '2018-07-03 04:16:26'),
(1285, 'Smirnoff Mule', 33, NULL, '60.00', 'u45Bel9uF0aRwuYD.jpg', 1, '2018-03-27 17:28:16', '2018-07-03 04:17:11'),
(1286, 'San Mig Light Bucket', 33, NULL, '310.00', 'yLgsU0Iuvr3BSDFH.jpg', 1, '2018-03-27 17:28:52', '2018-07-03 04:17:05'),
(1287, 'San Mig Apple Bucket', 33, NULL, '310.00', 'd0qVeOIMRlUtB4PT.jpg', 1, '2018-03-27 17:29:11', '2018-07-03 04:16:57'),
(1288, 'Red Horse Bucket', 33, NULL, '310.00', 'HGcrJp0iVwzuzppm.jpg', 1, '2018-03-27 17:29:31', '2018-07-03 04:16:42'),
(1289, 'Pale Pilsen Bucket', 33, NULL, '330.00', 'LjlPni12zFeHyUeH.jpg', 1, '2018-03-27 17:29:55', '2018-07-03 04:16:34'),
(1290, 'Smirnoff Mule Bucket', 33, NULL, '330.00', 'NYeDduONqTI2sTaK.jpg', 1, '2018-03-27 17:30:11', '2018-07-03 04:17:14'),
(1291, 'Bottled Water', 33, NULL, '20.00', 'R4wW4gI409SWvtvI.jpg', 1, '2018-03-27 17:30:42', '2018-03-27 17:30:42'),
(1292, 'Soft Drinks', 33, NULL, '35.00', 'XTpEsWMp7YDIit8g.jpg', 1, '2018-03-27 17:30:57', '2018-03-27 17:30:57'),
(1293, 'Mango Juice', 33, NULL, '40.00', 'FPqRB0lfWpb2ZElB.jpg', 1, '2018-03-27 17:33:57', '2018-03-27 17:33:57'),
(1294, 'Four Seasons', 33, NULL, '40.00', '1jfF0a6q0HSUmMXR.jpg', 1, '2018-03-27 17:34:14', '2018-03-27 17:34:14'),
(1295, 'Pineapple Juice', 33, NULL, '40.00', 'jM7G3WnbnJAiNm9A.jpg', 1, '2018-03-27 17:34:32', '2018-03-27 17:34:32'),
(1296, 'Pineapple Blueberry Juice', 33, NULL, '45.00', 'HZEDT6pskqbowIG4.jpg', 1, '2018-03-27 17:34:59', '2018-03-27 17:34:59'),
(1297, 'Pineapple Strawberry Juice', 33, NULL, '45.00', 'Ixop7YoJdZuwxXJc.jpg', 1, '2018-03-27 17:35:20', '2018-03-27 17:35:20'),
(1298, 'Pineapple Orange Juice', 33, NULL, '45.00', 'gOYN8JN9SeX3IMpo.jpg', 1, '2018-03-27 17:35:40', '2018-03-27 17:35:40'),
(1299, 'Brewed Coffee', 33, NULL, '45.00', 'xbb3C9YjFdhyA4MH.jpg', 1, '2018-03-27 17:36:02', '2018-03-27 17:36:02'),
(1300, 'Hot Choco', 33, NULL, '60.00', 'NhlCrpDRfZwkYKrf.jpg', 1, '2018-03-27 17:36:21', '2018-03-27 17:36:21'),
(1301, 'Iced Tea', 33, NULL, '75.00', 'gyRll5Afy2JQh89J.jpg', 1, '2018-03-27 17:36:47', '2018-03-27 17:36:47'),
(1302, 'Vanilla Caramel Frappe', 33, NULL, '120.00', '35JwiSPdfa8czrAL.jpg', 1, '2018-03-27 17:38:44', '2018-07-03 04:17:37'),
(1303, 'Choco Almond Frappe', 33, NULL, '130.00', 'cnt3k5EXyBIBWBIE.jpg', 1, '2018-03-27 17:39:04', '2018-07-03 04:17:27'),
(1304, 'Double Chocolate Chip Frappe', 33, NULL, '130.00', 'i6uMemkmZS6Dh0r9.jpg', 1, '2018-03-27 17:39:35', '2018-07-03 04:17:30'),
(1305, 'Oreo Goodness Frappe', 33, NULL, '130.00', 'fylczod87R7phpBT.jpg', 1, '2018-03-27 17:40:16', '2018-07-03 04:17:33'),
(1306, 'Blueberry Frappe', 33, NULL, '140.00', 'hL8pGNFoHhzULrzy.jpg', 1, '2018-03-27 17:40:33', '2018-07-03 04:17:23'),
(1307, 'PS4', 34, NULL, '80.00', 'ZQJgyNvBy6vyTPND.jpg', 1, '2018-03-29 17:19:29', '2018-03-29 17:55:13'),
(1308, 'Plain Fries', 35, NULL, '115.00', '9fTsRUXCRrD9jTQZ.jpg', 1, '2018-03-29 17:50:41', '2018-03-29 17:51:11'),
(1309, 'BBQ Fries', 35, NULL, '115.00', 'Rp0vpoXJzuGCVRWX.jpg', 1, '2018-03-29 17:51:45', '2018-03-29 17:52:09'),
(1310, 'Sour Cream Fries', 35, NULL, '115.00', 'KJAfFc1d1uehQ52f.jpg', 1, '2018-03-29 17:52:30', '2018-03-29 17:52:30'),
(1311, 'Cheese Fries', 35, NULL, '115.00', 'qyO1M66tlNtATxCK.png', 1, '2018-03-29 17:52:48', '2018-03-29 17:52:48'),
(1312, 'Cheesy Beef Fries', 35, NULL, '165.00', 'XZp2bQ6CXdSAXwZl.jpg', 1, '2018-03-29 17:53:05', '2018-03-29 17:53:05'),
(1313, 'Unlimited PS4', 34, NULL, '200.00', 'jYXYX19wjVXxnq5C.jpg', 1, '2018-03-29 17:56:19', '2018-03-29 17:56:19'),
(1314, 'Jenga', 34, NULL, '100.00', 'PaLwOfx8tiHakgui.jpg', 1, '2018-07-03 06:20:08', '2018-07-03 06:20:08'),
(1315, 'Chess', 34, NULL, '100.00', 'SWYGgBbG9maVeBJ3.jpg', 1, '2018-07-03 06:20:37', '2018-07-03 06:20:37'),
(1317, 'Game of the Generals', 34, NULL, '100.00', 'VSwV7HBr8jdyhS2H.jpg', 1, '2018-07-03 06:32:09', '2018-07-03 06:32:09'),
(1318, 'Snakes and Ladders', 34, NULL, '100.00', 'nPu955fjlz3Mlp9X.jpeg', 1, '2018-07-03 06:33:14', '2018-07-03 06:33:23'),
(1319, 'Monopoly', 34, NULL, '100.00', 'TcypjuAuDhFN6lmU.jpg', 1, '2018-07-03 06:34:35', '2018-07-03 06:37:31');

-- --------------------------------------------------------

--
-- Table structure for table `product_categories`
--

CREATE TABLE `product_categories` (
  `id` int(11) NOT NULL,
  `name` varchar(500) DEFAULT NULL,
  `ordering` int(11) DEFAULT '0',
  `created_at` datetime DEFAULT NULL,
  `updated_at` datetime DEFAULT NULL
) ENGINE=InnoDB DEFAULT CHARSET=utf8;

--
-- Dumping data for table `product_categories`
--

INSERT INTO `product_categories` (`id`, `name`, `ordering`, `created_at`, `updated_at`) VALUES
(26, 'All Day Breakfast', 1, '2018-03-26 08:55:51', '2018-03-26 09:09:23'),
(27, 'Burger and Pasta', 2, '2018-03-26 09:09:40', '2018-03-26 09:09:40'),
(28, 'Salad', 3, '2018-03-26 09:10:01', '2018-03-26 09:10:01'),
(29, 'Rice Meals', 4, '2018-03-26 09:10:27', '2018-03-26 09:10:27'),
(30, 'Appetizers', 5, '2018-03-26 09:10:37', '2018-03-26 09:10:37'),
(33, 'Drinks', 8, '2018-03-26 09:12:02', '2018-03-26 09:12:02'),
(34, 'Games', 9, '2018-03-27 20:32:46', '2018-07-03 06:19:16'),
(35, 'French Fries', 10, '2018-03-29 17:32:30', '2018-03-29 17:32:37');

-- --------------------------------------------------------

--
-- Table structure for table `recipes`
--

CREATE TABLE `recipes` (
  `id` int(11) NOT NULL,
  `product_id` int(11) DEFAULT NULL,
  `item_id` int(11) DEFAULT NULL,
  `quantity` decimal(10,2) DEFAULT '0.00',
  `user_id` int(11) DEFAULT NULL,
  `created_at` datetime DEFAULT NULL,
  `updated_at` datetime DEFAULT NULL
) ENGINE=InnoDB DEFAULT CHARSET=utf8;

--
-- Dumping data for table `recipes`
--

INSERT INTO `recipes` (`id`, `product_id`, `item_id`, `quantity`, `user_id`, `created_at`, `updated_at`) VALUES
(10, 14, 3, '0.10', 1, '2016-09-11 10:24:38', '2016-09-11 10:24:38'),
(11, 12, 5, '0.20', 1, '2016-09-11 10:24:55', '2016-09-11 10:24:55'),
(13, 1, 5, '0.10', 1, '2016-09-11 10:25:33', '2016-09-11 10:25:33'),
(14, 1167, 4, '1.00', 1, '2017-11-19 20:38:43', '2017-11-19 20:38:43');

-- --------------------------------------------------------

--
-- Table structure for table `tables`
--

CREATE TABLE `tables` (
  `id` int(11) NOT NULL,
  `name` varchar(50) DEFAULT NULL,
  `status` enum('Free','Busy','Printed') DEFAULT 'Free',
  `created_at` datetime DEFAULT NULL,
  `updated_at` datetime DEFAULT NULL
) ENGINE=InnoDB DEFAULT CHARSET=utf8;

--
-- Dumping data for table `tables`
--

INSERT INTO `tables` (`id`, `name`, `status`, `created_at`, `updated_at`) VALUES
(64, '3', 'Free', '2018-03-26 08:21:54', '2018-07-07 05:11:56'),
(65, '4', 'Free', '2018-03-26 08:21:57', '2018-07-08 11:39:15'),
(70, '6', 'Free', '2018-03-26 08:22:12', '2018-07-07 06:06:42'),
(71, 'Game Area 1', 'Free', '2018-03-29 17:20:54', '2018-07-04 16:44:33'),
(72, 'Game Area 2', 'Free', '2018-03-29 17:21:08', '2018-07-04 01:21:15'),
(73, 'Game Area 3', 'Free', '2018-03-29 17:21:20', '2018-07-04 01:28:35'),
(74, 'Game Area 4', 'Free', '2018-03-29 17:22:00', '2018-07-04 17:30:12'),
(75, '7', 'Free', '2018-03-29 17:23:55', '2018-07-05 11:30:22'),
(76, '8', 'Free', '2018-03-29 17:23:59', '2018-07-05 11:30:14'),
(77, '9', 'Free', '2018-03-29 17:24:07', '2018-07-07 05:14:12'),
(78, '5', 'Free', '2018-07-04 10:58:17', '2018-07-07 06:06:50'),
(79, '1', 'Free', '2018-07-04 10:58:22', '2018-07-07 13:09:51'),
(80, '2', 'Free', '2018-07-04 10:58:25', '2018-07-04 10:58:25'),
(82, 'Takeout Area', 'Free', '2018-07-04 17:31:46', '2018-07-07 05:18:15');

-- --------------------------------------------------------

--
-- Table structure for table `users`
--

CREATE TABLE `users` (
  `id` int(10) UNSIGNED NOT NULL,
  `username` varchar(255) COLLATE utf8_unicode_ci NOT NULL,
  `password` varchar(60) COLLATE utf8_unicode_ci NOT NULL,
  `remember_token` varchar(100) COLLATE utf8_unicode_ci DEFAULT NULL,
  `role` enum('SuperAdmin','Admin','Cashier') COLLATE utf8_unicode_ci DEFAULT NULL,
  `active` tinyint(1) DEFAULT '0',
  `created_at` datetime DEFAULT NULL,
  `updated_at` datetime DEFAULT NULL,
  `fullname` varchar(23) COLLATE utf8_unicode_ci NOT NULL,
  `contact` decimal(10,0) NOT NULL
) ENGINE=InnoDB DEFAULT CHARSET=utf8 COLLATE=utf8_unicode_ci;

--
-- Dumping data for table `users`
--

INSERT INTO `users` (`id`, `username`, `password`, `remember_token`, `role`, `active`, `created_at`, `updated_at`, `fullname`, `contact`) VALUES
(1, 'super', '$2y$10$Zy1XTuyhK3zxTdkkmFicmOXpIEtRpwzoNTZPuna/L9i08C/Bp8aCC', 'QNGzUyb2nxAmEyPIf8gdZagJgqgoG5HVlm0CtIr28DrdVogLUlGaAQaILmWX', 'SuperAdmin', 1, '2016-03-03 10:18:30', '2017-11-22 13:39:52', 'Lance Palor', '9178531817'),
(2, 'admin', '$2y$10$OzvezM1JTpSyLjBnuxueg.NC9yDNovAGWSi1FFw6yZczE5y6tMpfO', 'mpPIlgw29GgfnjtakRNN5J4A5uKZ8StHENvMfoDNsdPHeS71ekPwVFFEnyQh', 'Admin', 1, '2016-06-04 11:24:02', '2018-07-08 11:34:12', 'Lance Palor', '9178531817'),
(3, 'cashier', '$2y$10$RGlUQWowwJ8ZCNcll9ByN.rvjp2ZN7HRMonM6wrF5T2ubIXLK8Sh.', 'zLZ0DXeyLdnkL7UwYUveOXrHbzcqaNEZ6wk54eYJPyF7as8H4P682PfeRtmo', 'Cashier', 1, '2016-06-04 11:24:02', '2018-07-08 11:14:24', 'JC Ramos', '9232323230'),
(4, 'cashier2', '$2y$10$1ymw8qTMQJCWhm8/vRXdFeaafdOu/3kJT7JS5Iv954f6/jFdYxrSa', 'ZeDwrULdwTT6Tix1AgyR245iWo75iV5apop425JZp2IEMtSgCd0If9DROSgJ', 'Cashier', 1, '2018-03-29 17:16:47', '2018-07-08 11:34:07', 'Jeremiah Pimentel', '9322322322');

--
-- Indexes for dumped tables
--

--
-- Indexes for table `customers`
--
ALTER TABLE `customers`
  ADD PRIMARY KEY (`id`);

--
-- Indexes for table `items`
--
ALTER TABLE `items`
  ADD PRIMARY KEY (`id`);

--
-- Indexes for table `item_categories`
--
ALTER TABLE `item_categories`
  ADD PRIMARY KEY (`id`);

--
-- Indexes for table `orders`
--
ALTER TABLE `orders`
  ADD PRIMARY KEY (`id`);

--
-- Indexes for table `order_details`
--
ALTER TABLE `order_details`
  ADD PRIMARY KEY (`id`);

--
-- Indexes for table `products`
--
ALTER TABLE `products`
  ADD PRIMARY KEY (`id`);

--
-- Indexes for table `product_categories`
--
ALTER TABLE `product_categories`
  ADD PRIMARY KEY (`id`);

--
-- Indexes for table `recipes`
--
ALTER TABLE `recipes`
  ADD PRIMARY KEY (`id`);

--
-- Indexes for table `tables`
--
ALTER TABLE `tables`
  ADD PRIMARY KEY (`id`);

--
-- Indexes for table `users`
--
ALTER TABLE `users`
  ADD PRIMARY KEY (`id`);

--
-- AUTO_INCREMENT for dumped tables
--

--
-- AUTO_INCREMENT for table `customers`
--
ALTER TABLE `customers`
  MODIFY `id` int(11) NOT NULL AUTO_INCREMENT, AUTO_INCREMENT=4;

--
-- AUTO_INCREMENT for table `items`
--
ALTER TABLE `items`
  MODIFY `id` int(11) NOT NULL AUTO_INCREMENT;

--
-- AUTO_INCREMENT for table `item_categories`
--
ALTER TABLE `item_categories`
  MODIFY `id` int(11) NOT NULL AUTO_INCREMENT;

--
-- AUTO_INCREMENT for table `orders`
--
ALTER TABLE `orders`
  MODIFY `id` bigint(20) NOT NULL AUTO_INCREMENT, AUTO_INCREMENT=146;

--
-- AUTO_INCREMENT for table `order_details`
--
ALTER TABLE `order_details`
  MODIFY `id` bigint(20) NOT NULL AUTO_INCREMENT, AUTO_INCREMENT=594;

--
-- AUTO_INCREMENT for table `products`
--
ALTER TABLE `products`
  MODIFY `id` int(11) NOT NULL AUTO_INCREMENT, AUTO_INCREMENT=1320;

--
-- AUTO_INCREMENT for table `product_categories`
--
ALTER TABLE `product_categories`
  MODIFY `id` int(11) NOT NULL AUTO_INCREMENT, AUTO_INCREMENT=36;

--
-- AUTO_INCREMENT for table `recipes`
--
ALTER TABLE `recipes`
  MODIFY `id` int(11) NOT NULL AUTO_INCREMENT, AUTO_INCREMENT=15;

--
-- AUTO_INCREMENT for table `tables`
--
ALTER TABLE `tables`
  MODIFY `id` int(11) NOT NULL AUTO_INCREMENT, AUTO_INCREMENT=83;

--
-- AUTO_INCREMENT for table `users`
--
ALTER TABLE `users`
  MODIFY `id` int(10) UNSIGNED NOT NULL AUTO_INCREMENT, AUTO_INCREMENT=5;
COMMIT;

/*!40101 SET CHARACTER_SET_CLIENT=@OLD_CHARACTER_SET_CLIENT */;
/*!40101 SET CHARACTER_SET_RESULTS=@OLD_CHARACTER_SET_RESULTS */;
/*!40101 SET COLLATION_CONNECTION=@OLD_COLLATION_CONNECTION */;
